Episode,Max Cell
0,64
1,64
2,64
3,32
4,32
5,32
6,256
7,64
8,32
9,64
10,32
11,128
12,64
13,128
14,32
15,32
16,32
17,64
18,128
19,256
20,64
21,128
22,64
23,32
24,128
25,64
26,128
27,128
28,128
29,128
30,256
31,64
32,256
33,128
34,128
35,64
36,256
37,128
38,16
39,16
40,128
41,64
42,128
43,64
44,64
45,128
46,128
47,128
48,128
49,64
50,128
51,64
52,128
53,32
54,64
55,128
56,32
57,64
58,128
59,128
60,64
61,64
62,64
63,32
64,32
65,128
66,64
67,64
68,256
69,128
70,64
71,64
72,128
73,64
74,64
75,128
76,64
77,128
78,64
79,64
80,16
81,64
82,128
83,128
84,64
85,32
86,128
87,16
88,32
89,128
90,128
91,128
92,128
93,128
94,64
95,256
96,64
97,64
98,128
99,64
100,64
101,64
102,256
103,128
104,128
105,128
106,64
107,64
108,64
109,32
110,256
111,256
112,16
113,128
114,128
115,64
116,256
117,128
118,128
119,64
120,64
121,64
122,64
123,64
124,128
125,32
126,64
127,32
128,128
129,256
130,128
131,128
132,64
133,32
134,16
135,32
136,64
137,64
138,256
139,64
140,128
141,64
142,128
143,128
144,128
145,128
146,128
147,64
148,64
149,32
150,128
151,64
152,128
153,64
154,32
155,128
156,128
157,64
158,256
159,256
160,128
161,64
162,32
163,256
164,16
165,64
166,64
167,128
168,128
169,128
170,64
171,128
172,64
173,256
174,128
175,32
176,256
177,64
178,256
179,128
180,128
181,128
182,128
183,512
184,512
185,128
186,128
187,128
188,64
189,256
190,32
191,64
192,64
193,128
194,32
195,64
196,128
197,256
198,256
199,128
200,128
201,64
202,512
203,64
204,128
205,512
206,128
207,64
208,128
209,128
210,128
211,256
212,256
213,32
214,128
215,32
216,64
217,256
218,128
219,256
220,256
221,128
222,32
223,128
224,16
225,128
226,64
227,64
228,256
229,128
230,128
231,128
232,64
233,16
234,256
235,16
236,128
237,64
238,64
239,32
240,16
241,64
242,64
243,128
244,64
245,64
246,128
247,128
248,256
249,64
250,64
251,256
252,128
253,1024
254,64
255,256
256,64
257,256
258,64
259,256
260,256
261,128
262,128
263,128
264,256
265,128
266,64
267,64
268,128
269,32
270,32
271,32
272,512
273,64
274,64
275,64
276,128
277,128
278,64
279,64
280,64
281,128
282,128
283,512
284,128
285,64
286,128
287,32
288,64
289,128
290,128
291,32
292,128
293,128
294,128
295,64
296,256
297,128
298,64
299,32
300,256
301,64
302,128
303,128
304,128
305,128
306,32
307,128
308,128
309,32
310,256
311,64
312,64
313,64
314,128
315,64
316,256
317,64
318,64
319,128
320,64
321,16
322,256
323,256
324,128
325,128
326,128
327,128
328,512
329,64
330,128
331,256
332,128
333,32
334,128
335,256
336,64
337,64
338,64
339,32
340,64
341,64
342,64
343,128
344,64
345,64
346,64
347,128
348,128
349,64
350,256
351,128
352,128
353,128
354,128
355,128
356,256
357,64
358,128
359,64
360,128
361,256
362,64
363,64
364,64
365,128
366,64
367,128
368,32
369,64
370,128
371,128
372,128
373,128
374,128
375,64
376,256
377,128
378,128
379,64
380,128
381,128
382,128
383,256
384,128
385,64
386,64
387,128
388,64
389,64
390,128
391,128
392,128
393,64
394,64
395,64
396,32
397,64
398,256
399,64
400,128
401,64
402,32
403,256
404,256
405,64
406,32
407,512
408,128
409,64
410,64
411,256
412,32
413,128
414,256
415,256
416,64
417,256
418,256
419,128
420,64
421,128
422,64
423,256
424,256
425,256
426,128
427,16
428,128
429,256
430,128
431,64
432,64
433,32
434,16
435,256
436,64
437,64
438,64
439,64
440,128
441,64
442,128
443,128
444,128
445,64
446,32
447,32
448,256
449,256
450,64
451,512
452,128
453,128
454,512
455,128
456,128
457,128
458,128
459,64
460,64
461,64
462,128
463,128
464,256
465,256
466,128
467,128
468,256
469,64
470,128
471,128
472,128
473,256
474,64
475,128
476,128
477,128
478,128
479,64
480,32
481,256
482,64
483,64
484,64
485,64
486,128
487,32
488,64
489,64
490,64
491,128
492,128
493,256
494,128
495,128
496,32
497,32
498,128
499,64
500,128
501,32
502,32
503,128
504,64
505,32
506,32
507,64
508,128
509,128
510,256
511,16
512,128
513,64
514,128
515,32
516,128
517,16
518,128
519,256
520,128
521,32
522,256
523,64
524,32
525,64
526,32
527,64
528,256
529,128
530,128
531,64
532,128
533,128
534,32
535,128
536,64
537,128
538,32
539,64
540,128
541,16
542,64
543,128
544,32
545,256
546,32
547,128
548,256
549,128
550,64
551,128
552,64
553,32
554,128
555,128
556,64
557,128
558,128
559,256
560,256
561,64
562,128
563,32
564,64
565,64
566,128
567,256
568,128
569,128
570,256
571,128
572,128
573,128
574,128
575,128
576,128
577,128
578,32
579,256
580,256
581,64
582,64
583,32
584,128
585,128
586,128
587,128
588,64
589,64
590,128
591,16
592,64
593,128
594,256
595,256
596,128
597,128
598,128
599,64
600,64
601,256
602,128
603,64
604,32
605,64
606,64
607,256
608,64
609,128
610,64
611,256
612,64
613,16
614,256
615,128
616,128
617,64
618,128
619,64
620,256
621,256
622,128
623,64
624,64
625,128
626,64
627,128
628,64
629,128
630,128
631,128
632,128
633,32
634,256
635,128
636,128
637,64
638,128
639,128
640,64
641,64
642,128
643,32
644,256
645,32
646,128
647,128
648,128
649,64
650,64
651,64
652,256
653,32
654,256
655,256
656,128
657,64
658,64
659,64
660,32
661,256
662,256
663,64
664,128
665,64
666,64
667,128
668,128
669,64
670,64
671,64
672,256
673,64
674,64
675,64
676,64
677,128
678,256
679,128
680,128
681,64
682,128
683,64
684,128
685,64
686,64
687,128
688,8
689,64
690,64
691,64
692,64
693,64
694,64
695,64
696,64
697,64
698,128
699,128
700,128
701,256
702,128
703,128
704,64
705,256
706,64
707,128
708,128
709,256
710,128
711,128
712,64
713,128
714,256
715,32
716,128
717,32
718,64
719,64
720,256
721,128
722,128
723,256
724,128
725,64
726,64
727,128
728,32
729,256
730,64
731,64
732,256
733,64
734,64
735,256
736,128
737,128
738,64
739,64
740,64
741,128
742,128
743,128
744,256
745,128
746,16
747,32
748,64
749,32
750,64
751,256
752,64
753,128
754,128
755,128
756,128
757,256
758,64
759,128
760,32
761,32
762,32
763,128
764,128
765,128
766,64
767,64
768,128
769,256
770,32
771,64
772,128
773,32
774,256
775,64
776,128
777,128
778,256
779,256
780,256
781,32
782,32
783,64
784,128
785,32
786,64
787,128
788,128
789,128
790,128
791,64
792,64
793,128
794,128
795,128
796,256
797,256
798,256
799,128
800,128
801,128
802,64
803,128
804,128
805,128
806,32
807,128
808,128
809,64
810,64
811,64
812,64
813,128
814,16
815,256
816,256
817,64
818,64
819,128
820,256
821,128
822,64
823,64
824,256
825,64
826,16
827,256
828,64
829,256
830,128
831,64
832,32
833,128
834,128
835,64
836,32
837,64
838,128
839,128
840,32
841,64
842,512
843,128
844,128
845,128
846,32
847,64
848,128
849,32
850,128
851,256
852,64
853,256
854,128
855,128
856,128
857,128
858,64
859,256
860,32
861,32
862,128
863,128
864,64
865,64
866,128
867,64
868,128
869,256
870,128
871,32
872,128
873,32
874,256
875,128
876,256
877,64
878,128
879,64
880,128
881,128
882,64
883,64
884,32
885,128
886,32
887,32
888,256
889,128
890,32
891,128
892,256
893,32
894,64
895,64
896,128
897,64
898,32
899,64
900,64
901,128
902,128
903,64
904,128
905,128
906,64
907,128
908,128
909,128
910,32
911,128
912,64
913,256
914,64
915,128
916,64
917,256
918,32
919,32
920,64
921,256
922,128
923,64
924,64
925,64
926,128
927,256
928,128
929,128
930,256
931,64
932,256
933,128
934,64
935,128
936,128
937,64
938,128
939,128
940,128
941,128
942,32
943,256
944,128
945,128
946,64
947,128
948,128
949,512
950,256
951,512
952,128
953,256
954,256
955,128
956,128
957,128
958,64
959,64
960,128
961,32
962,64
963,256
964,64
965,128
966,64
967,128
968,64
969,16
970,64
971,128
972,128
973,128
974,64
975,128
976,32
977,128
978,16
979,128
980,64
981,256
982,128
983,128
984,128
985,64
986,128
987,256
988,128
989,64
990,64
991,128
992,128
993,64
994,64
995,32
996,256
997,64
998,64
999,32
1000,64
1001,128
1002,128
1003,128
1004,128
1005,64
1006,64
1007,128
1008,64
1009,256
1010,64
1011,64
1012,64
1013,128
1014,64
1015,128
1016,256
1017,128
1018,128
1019,32
1020,256
1021,128
1022,32
1023,64
1024,64
1025,512
1026,32
1027,64
1028,128
1029,64
1030,64
1031,64
1032,128
1033,128
1034,64
1035,256
1036,128
1037,32
1038,128
1039,64
1040,128
1041,64
1042,64
1043,128
1044,128
1045,128
1046,64
1047,256
1048,128
1049,256
1050,64
1051,128
1052,64
1053,64
1054,64
1055,128
1056,64
1057,16
1058,32
1059,64
1060,16
1061,128
1062,64
1063,32
1064,128
1065,64
1066,32
1067,128
1068,128
1069,128
1070,256
1071,128
1072,64
1073,256
1074,64
1075,32
1076,16
1077,64
1078,32
1079,128
1080,64
1081,32
1082,32
1083,64
1084,256
1085,64
1086,64
1087,64
1088,128
1089,64
1090,32
1091,64
1092,32
1093,128
1094,64
1095,64
1096,64
1097,256
1098,128
1099,64
1100,32
1101,64
1102,256
1103,64
1104,64
1105,32
1106,64
1107,32
1108,64
1109,64
1110,128
1111,64
1112,64
1113,128
1114,32
1115,128
1116,64
1117,32
1118,256
1119,128
1120,256
1121,32
1122,64
1123,64
1124,64
1125,64
1126,128
1127,16
1128,32
1129,64
1130,128
1131,256
1132,64
1133,32
1134,64
1135,128
1136,64
1137,256
1138,64
1139,128
1140,256
1141,16
1142,64
1143,64
1144,64
1145,128
1146,128
1147,64
1148,128
1149,256
1150,32
1151,64
1152,32
1153,128
1154,32
1155,128
1156,64
1157,256
1158,256
1159,64
1160,128
1161,128
1162,64
1163,64
1164,32
1165,128
1166,16
1167,128
1168,32
1169,128
1170,512
1171,256
1172,16
1173,64
1174,128
1175,128
1176,128
1177,128
1178,32
1179,64
1180,64
1181,32
1182,128
1183,32
1184,256
1185,128
1186,128
1187,128
1188,64
1189,64
1190,16
1191,256
1192,32
1193,32
1194,32
1195,32
1196,256
1197,128
1198,64
1199,64
1200,128
1201,128
1202,64
1203,64
1204,64
1205,16
1206,64
1207,64
1208,128
1209,128
1210,64
1211,128
1212,64
1213,64
1214,64
1215,32
1216,64
1217,64
1218,128
1219,128
1220,256
1221,128
1222,64
1223,64
1224,256
1225,128
1226,128
1227,16
1228,128
1229,64
1230,256
1231,16
1232,8
1233,512
1234,64
1235,128
1236,32
1237,256
1238,128
1239,64
1240,256
1241,64
1242,64
1243,64
1244,256
1245,128
1246,256
1247,128
1248,64
1249,128
1250,64
1251,128
1252,256
1253,32
1254,16
1255,256
1256,256
1257,256
1258,256
1259,256
1260,32
1261,256
1262,32
1263,64
1264,128
1265,64
1266,128
1267,128
1268,16
1269,64
1270,32
1271,32
1272,128
1273,32
1274,32
1275,64
1276,64
1277,128
1278,64
1279,256
1280,64
1281,128
1282,128
1283,128
1284,64
1285,64
1286,32
1287,32
1288,64
1289,256
1290,256
1291,256
1292,64
1293,32
1294,128
1295,128
1296,32
1297,64
1298,32
1299,128
1300,64
1301,128
1302,32
1303,32
1304,64
1305,128
1306,128
1307,256
1308,64
1309,16
1310,32
1311,64
1312,32
1313,128
1314,32
1315,128
1316,32
1317,16
1318,32
1319,64
1320,256
1321,32
1322,32
1323,128
1324,64
1325,32
1326,128
1327,64
1328,32
1329,128
1330,16
1331,32
1332,16
1333,128
1334,64
1335,64
1336,32
1337,256
1338,128
1339,64
1340,256
1341,256
1342,64
1343,256
1344,128
1345,128
1346,32
1347,128
1348,128
1349,128
1350,64
1351,16
1352,64
1353,128
1354,128
1355,128
1356,128
1357,256
1358,256
1359,32
1360,128
1361,128
1362,128
1363,128
1364,64
1365,256
1366,32
1367,128
1368,64
1369,128
1370,64
1371,128
1372,64
1373,128
1374,256
1375,256
1376,16
1377,256
1378,16
1379,64
1380,64
1381,128
1382,128
1383,128
1384,256
1385,256
1386,32
1387,64
1388,64
1389,32
1390,128
1391,512
1392,32
1393,256
1394,32
1395,64
1396,128
1397,128
1398,32
1399,128
1400,256
1401,128
1402,64
1403,64
1404,256
1405,64
1406,128
1407,256
1408,64
1409,64
1410,128
1411,64
1412,64
1413,512
1414,64
1415,64
1416,64
1417,64
1418,128
1419,128
1420,128
1421,64
1422,32
1423,32
1424,128
1425,128
1426,64
1427,64
1428,128
1429,32
1430,32
1431,128
1432,64
1433,128
1434,128
1435,256
1436,128
1437,128
1438,64
1439,128
1440,128
1441,64
1442,128
1443,128
1444,64
1445,64
1446,64
1447,128
1448,64
1449,256
1450,64
1451,32
1452,256
1453,256
1454,64
1455,128
1456,64
1457,64
1458,128
1459,64
1460,64
1461,128
1462,64
1463,16
1464,128
1465,256
1466,256
1467,32
1468,32
1469,16
1470,64
1471,128
1472,64
1473,256
1474,64
1475,128
1476,32
1477,32
1478,128
1479,64
1480,32
1481,64
1482,128
1483,64
1484,256
1485,64
1486,128
1487,128
1488,128
1489,128
1490,256
1491,512
1492,64
1493,128
1494,256
1495,64
1496,32
1497,64
1498,128
1499,64
1500,64
1501,64
1502,64
1503,256
1504,64
1505,128
1506,64
1507,64
1508,64
1509,16
1510,64
1511,32
1512,256
1513,128
1514,256
1515,128
1516,128
1517,32
1518,128
1519,64
1520,32
1521,64
1522,128
1523,256
1524,64
1525,128
1526,64
1527,128
1528,64
1529,128
1530,128
1531,64
1532,64
1533,64
1534,64
1535,64
1536,32
1537,128
1538,32
1539,32
1540,64
1541,256
1542,64
1543,128
1544,128
1545,32
1546,64
1547,32
1548,64
1549,32
1550,64
1551,16
1552,128
1553,64
1554,256
1555,64
1556,64
1557,256
1558,128
1559,64
1560,256
1561,32
1562,128
1563,256
1564,128
1565,256
1566,64
1567,256
1568,32
1569,32
1570,64
1571,64
1572,64
1573,128
1574,32
1575,64
1576,128
1577,128
1578,32
1579,128
1580,64
1581,128
1582,128
1583,64
1584,64
1585,256
1586,32
1587,256
1588,256
1589,256
1590,8
1591,64
1592,64
1593,128
1594,128
1595,32
1596,128
1597,128
1598,256
1599,64
1600,32
1601,128
1602,128
1603,256
1604,128
1605,64
1606,64
1607,128
1608,128
1609,64
1610,128
1611,128
1612,128
1613,32
1614,64
1615,64
1616,32
1617,64
1618,64
1619,128
1620,128
1621,16
1622,128
1623,128
1624,64
1625,64
1626,128
1627,16
1628,128
1629,128
1630,128
1631,128
1632,256
1633,64
1634,128
1635,128
1636,64
1637,128
1638,64
1639,128
1640,32
1641,32
1642,16
1643,256
1644,64
1645,16
1646,128
1647,64
1648,64
1649,16
1650,128
1651,64
1652,64
1653,128
1654,64
1655,128
1656,64
1657,64
1658,256
1659,128
1660,128
1661,64
1662,64
1663,64
1664,128
1665,128
1666,64
1667,256
1668,64
1669,128
1670,128
1671,64
1672,64
1673,64
1674,256
1675,256
1676,128
1677,32
1678,32
1679,128
1680,32
1681,32
1682,64
1683,64
1684,256
1685,32
1686,64
1687,64
1688,64
1689,64
1690,64
1691,64
1692,128
1693,16
1694,128
1695,32
1696,128
1697,64
1698,32
1699,64
1700,16
1701,256
1702,64
1703,256
1704,128
1705,64
1706,64
1707,64
1708,128
1709,128
1710,64
1711,32
1712,128
1713,64
1714,16
1715,32
1716,32
1717,32
1718,256
1719,64
1720,64
1721,32
1722,256
1723,128
1724,32
1725,64
1726,64
1727,128
1728,64
1729,128
1730,32
1731,32
1732,32
1733,128
1734,64
1735,128
1736,64
1737,32
1738,128
1739,128
1740,64
1741,64
1742,128
1743,128
1744,128
1745,16
1746,128
1747,256
1748,64
1749,128
1750,64
1751,128
1752,64
1753,256
1754,128
1755,64
1756,128
1757,32
1758,64
1759,256
1760,64
1761,128
1762,32
1763,128
1764,64
1765,64
1766,64
1767,256
1768,64
1769,32
1770,128
1771,64
1772,16
1773,128
1774,16
1775,128
1776,256
1777,32
1778,256
1779,64
1780,128
1781,64
1782,256
1783,128
1784,128
1785,64
1786,32
1787,32
1788,32
1789,64
1790,128
1791,32
1792,128
1793,64
1794,256
1795,128
1796,256
1797,32
1798,32
1799,64
1800,128
1801,256
1802,128
1803,128
1804,32
1805,256
1806,8
1807,128
1808,32
1809,32
1810,128
1811,32
1812,32
1813,64
1814,64
1815,32
1816,64
1817,128
1818,64
1819,64
1820,128
1821,32
1822,16
1823,64
1824,64
1825,512
1826,64
1827,128
1828,128
1829,128
1830,64
1831,64
1832,64
1833,32
1834,64
1835,64
1836,64
1837,32
1838,256
1839,128
1840,128
1841,32
1842,256
1843,32
1844,64
1845,64
1846,128
1847,32
1848,64
1849,128
1850,128
1851,64
1852,64
1853,256
1854,64
1855,64
1856,64
1857,32
1858,128
1859,32
1860,128
1861,64
1862,128
1863,64
1864,256
1865,128
1866,32
1867,128
1868,64
1869,64
1870,256
1871,128
1872,128
1873,32
1874,128
1875,128
1876,64
1877,128
1878,128
1879,128
1880,64
1881,64
1882,16
1883,64
1884,256
1885,256
1886,32
1887,64
1888,128
1889,128
1890,128
1891,64
1892,32
1893,256
1894,128
1895,64
1896,64
1897,256
1898,128
1899,128
1900,16
1901,64
1902,128
1903,128
1904,128
1905,128
1906,64
1907,32
1908,128
1909,32
1910,128
1911,128
1912,64
1913,64
1914,64
1915,128
1916,128
1917,64
1918,128
1919,128
1920,256
1921,32
1922,256
1923,128
1924,128
1925,64
1926,32
1927,32
1928,256
1929,128
1930,32
1931,128
1932,64
1933,256
1934,128
1935,256
1936,32
1937,64
1938,128
1939,256
1940,64
1941,128
1942,128
1943,128
1944,128
1945,64
1946,128
1947,128
1948,64
1949,128
1950,64
1951,32
1952,16
1953,128
1954,128
1955,64
1956,128
1957,16
1958,128
1959,128
1960,128
1961,64
1962,64
1963,64
1964,32
1965,64
1966,128
1967,128
1968,256
1969,16
1970,32
1971,128
1972,128
1973,128
1974,64
1975,256
1976,64
1977,32
1978,64
1979,128
1980,128
1981,64
1982,128
1983,128
1984,64
1985,128
1986,128
1987,64
1988,128
1989,64
1990,128
1991,64
1992,128
1993,128
1994,128
1995,128
1996,64
1997,64
1998,32
1999,64
2000,64
2001,512
2002,64
2003,64
2004,128
2005,64
2006,64
2007,32
2008,64
2009,32
2010,64
2011,128
2012,32
2013,128
2014,64
2015,256
2016,32
2017,32
2018,32
2019,64
2020,64
2021,128
2022,64
2023,64
2024,128
2025,256
2026,128
2027,32
2028,128
2029,64
2030,128
2031,128
2032,256
2033,32
2034,256
2035,256
2036,128
2037,64
2038,128
2039,64
2040,128
2041,64
2042,128
2043,64
2044,512
2045,128
2046,64
2047,256
2048,256
2049,128
2050,64
2051,32
2052,128
2053,128
2054,32
2055,32
2056,128
2057,256
2058,256
2059,128
2060,64
2061,64
2062,128
2063,128
2064,64
2065,64
2066,128
2067,128
2068,128
2069,128
2070,64
2071,64
2072,512
2073,128
2074,256
2075,64
2076,32
2077,512
2078,512
2079,256
2080,256
2081,16
2082,32
2083,64
2084,64
2085,128
2086,32
2087,64
2088,128
2089,32
2090,64
2091,128
2092,64
2093,64
2094,16
2095,128
2096,128
2097,128
2098,128
2099,128
2100,128
2101,128
2102,64
2103,16
2104,64
2105,128
2106,32
2107,128
2108,128
2109,32
2110,128
2111,64
2112,64
2113,128
2114,128
2115,64
2116,128
2117,32
2118,128
2119,128
2120,256
2121,32
2122,64
2123,128
2124,32
2125,128
2126,128
2127,256
2128,64
2129,32
2130,32
2131,64
2132,32
2133,64
2134,128
2135,128
2136,64
2137,128
2138,32
2139,128
2140,128
2141,128
2142,64
2143,32
2144,128
2145,64
2146,64
2147,64
2148,256
2149,16
2150,64
2151,32
2152,128
2153,32
2154,128
2155,64
2156,64
2157,64
2158,32
2159,64
2160,128
2161,256
2162,256
2163,128
2164,128
2165,64
2166,64
2167,256
2168,64
2169,128
2170,64
2171,128
2172,128
2173,128
2174,32
2175,64
2176,256
2177,256
2178,256
2179,128
2180,64
2181,32
2182,128
2183,64
2184,256
2185,128
2186,128
2187,64
2188,128
2189,64
2190,128
2191,128
2192,64
2193,32
2194,64
2195,64
2196,128
2197,128
2198,128
2199,128
2200,32
2201,32
2202,32
2203,32
2204,128
2205,64
2206,128
2207,128
2208,64
2209,32
2210,128
2211,128
2212,128
2213,128
2214,64
2215,64
2216,128
2217,128
2218,128
2219,64
2220,128
2221,128
2222,64
2223,128
2224,64
2225,16
2226,256
2227,32
2228,512
2229,64
2230,16
2231,128
2232,128
2233,32
2234,64
2235,32
2236,32
2237,32
2238,256
2239,128
2240,256
2241,32
2242,16
2243,64
2244,32
2245,256
2246,32
2247,64
2248,128
2249,128
2250,128
2251,64
2252,128
2253,64
2254,128
2255,64
2256,64
2257,128
2258,128
2259,128
2260,256
2261,64
2262,128
2263,64
2264,16
2265,64
2266,64
2267,64
2268,32
2269,32
2270,64
2271,64
2272,64
2273,512
2274,64
2275,32
2276,256
2277,128
2278,256
2279,256
2280,128
2281,32
2282,128
2283,256
2284,32
2285,128
2286,64
2287,256
2288,64
2289,128
2290,128
2291,128
2292,64
2293,64
2294,128
2295,128
2296,128
2297,64
2298,64
2299,128
2300,64
2301,128
2302,64
2303,128
2304,128
2305,64
2306,64
2307,128
2308,128
2309,64
2310,128
2311,128
2312,32
2313,128
2314,128
2315,64
2316,32
2317,128
2318,64
2319,128
2320,128
2321,64
2322,64
2323,32
2324,128
2325,64
2326,128
2327,256
2328,64
2329,64
2330,64
2331,64
2332,256
2333,64
2334,32
2335,32
2336,128
2337,32
2338,128
2339,128
2340,64
2341,64
2342,128
2343,256
2344,128
2345,64
2346,128
2347,256
2348,128
2349,128
2350,32
2351,128
2352,32
2353,64
2354,128
2355,32
2356,32
2357,32
2358,64
2359,128
2360,128
2361,128
2362,128
2363,128
2364,128
2365,64
2366,128
2367,128
2368,128
2369,64
2370,256
2371,256
2372,256
2373,128
2374,128
2375,128
2376,256
2377,64
2378,128
2379,64
2380,64
2381,128
2382,64
2383,32
2384,64
2385,32
2386,128
2387,32
2388,256
2389,128
2390,32
2391,64
2392,128
2393,64
2394,256
2395,64
2396,128
2397,128
2398,128
2399,64
2400,128
2401,128
2402,256
2403,32
2404,128
2405,256
2406,64
2407,32
2408,128
2409,64
2410,128
2411,128
2412,32
2413,64
2414,32
2415,64
2416,32
2417,128
2418,128
2419,128
2420,32
2421,128
2422,64
2423,32
2424,128
2425,64
2426,64
2427,64
2428,128
2429,128
2430,32
2431,32
2432,128
2433,64
2434,128
2435,64
2436,64
2437,64
2438,64
2439,64
2440,32
2441,128
2442,256
2443,128
2444,32
2445,64
2446,256
2447,64
2448,128
2449,32
2450,64
2451,128
2452,64
2453,64
2454,256
2455,128
2456,64
2457,64
2458,128
2459,128
2460,512
2461,128
2462,64
2463,64
2464,256
2465,32
2466,128
2467,128
2468,256
2469,512
2470,128
2471,32
2472,64
2473,256
2474,128
2475,32
2476,256
2477,64
2478,64
2479,128
2480,128
2481,256
2482,128
2483,64
2484,64
2485,128
2486,128
2487,64
2488,64
2489,128
2490,32
2491,64
2492,128
2493,64
2494,128
2495,256
2496,64
2497,64
2498,128
2499,64
2500,64
2501,32
2502,64
2503,64
2504,64
2505,256
2506,128
2507,64
2508,256
2509,256
2510,64
2511,128
2512,32
2513,64
2514,64
2515,64
2516,64
2517,64
2518,64
2519,128
2520,64
2521,128
2522,128
2523,512
2524,256
2525,32
2526,64
2527,128
2528,128
2529,128
2530,128
2531,32
2532,128
2533,64
2534,256
2535,64
2536,64
2537,32
2538,64
2539,32
2540,64
2541,64
2542,256
2543,32
2544,128
2545,32
2546,16
2547,256
2548,32
2549,32
2550,256
2551,64
2552,128
2553,128
2554,128
2555,512
2556,64
2557,64
2558,128
2559,64
2560,64
2561,64
2562,64
2563,128
2564,128
2565,256
2566,128
2567,32
2568,256
2569,128
2570,128
2571,128
2572,32
2573,128
2574,64
2575,128
2576,256
2577,16
2578,128
2579,128
2580,32
2581,128
2582,128
2583,64
2584,64
2585,64
2586,64
2587,128
2588,128
2589,256
2590,32
2591,64
2592,64
2593,256
2594,256
2595,128
2596,64
2597,128
2598,128
2599,128
2600,128
2601,64
2602,16
2603,128
2604,64
2605,128
2606,64
2607,256
2608,256
2609,128
2610,256
2611,64
2612,64
2613,128
2614,256
2615,256
2616,64
2617,256
2618,128
2619,128
2620,256
2621,64
2622,64
2623,64
2624,64
2625,64
2626,128
2627,256
2628,32
2629,32
2630,64
2631,128
2632,32
2633,128
2634,64
2635,128
2636,128
2637,64
2638,128
2639,64
2640,64
2641,128
2642,128
2643,128
2644,256
2645,256
2646,64
2647,128
2648,128
2649,128
2650,64
2651,64
2652,512
2653,256
2654,128
2655,128
2656,256
2657,64
2658,128
2659,128
2660,64
2661,64
2662,64
2663,64
2664,32
2665,64
2666,128
2667,128
2668,128
2669,256
2670,128
2671,256
2672,64
2673,128
2674,64
2675,64
2676,256
2677,64
2678,256
2679,64
2680,256
2681,256
2682,64
2683,128
2684,128
2685,256
2686,256
2687,64
2688,256
2689,64
2690,64
2691,64
2692,128
2693,128
2694,32
2695,64
2696,32
2697,128
2698,32
2699,128
2700,64
2701,256
2702,256
2703,32
2704,128
2705,64
2706,128
2707,32
2708,64
2709,32
2710,64
2711,64
2712,32
2713,64
2714,32
2715,128
2716,64
2717,128
2718,128
2719,64
2720,32
2721,64
2722,256
2723,256
2724,64
2725,128
2726,128
2727,64
2728,64
2729,32
2730,32
2731,64
2732,64
2733,64
2734,64
2735,128
2736,64
2737,64
2738,128
2739,256
2740,64
2741,128
2742,256
2743,128
2744,256
2745,256
2746,64
2747,64
2748,64
2749,64
2750,128
2751,32
2752,256
2753,128
2754,128
2755,128
2756,128
2757,64
2758,128
2759,64
2760,128
2761,64
2762,64
2763,32
2764,64
2765,128
2766,64
2767,128
2768,64
2769,32
2770,128
2771,64
2772,32
2773,128
2774,128
2775,256
2776,128
2777,256
2778,256
2779,256
2780,64
2781,128
2782,64
2783,64
2784,32
2785,32
2786,128
2787,128
2788,64
2789,256
2790,128
2791,64
2792,32
2793,32
2794,64
2795,128
2796,32
2797,256
2798,128
2799,128
2800,64
2801,64
2802,128
2803,128
2804,256
2805,128
2806,32
2807,256
2808,64
2809,64
2810,32
2811,64
2812,64
2813,256
2814,128
2815,128
2816,64
2817,128
2818,128
2819,64
2820,128
2821,256
2822,256
2823,128
2824,128
2825,32
2826,64
2827,64
2828,256
2829,64
2830,32
2831,64
2832,64
2833,64
2834,64
2835,128
2836,128
2837,64
2838,128
2839,128
2840,32
2841,64
2842,256
2843,64
2844,64
2845,64
2846,128
2847,128
2848,256
2849,64
2850,32
2851,128
2852,32
2853,64
2854,256
2855,64
2856,64
2857,16
2858,128
2859,128
2860,32
2861,128
2862,128
2863,32
2864,32
2865,128
2866,64
2867,256
2868,256
2869,128
2870,64
2871,64
2872,64
2873,64
2874,128
2875,32
2876,128
2877,128
2878,128
2879,128
2880,256
2881,256
2882,128
2883,128
2884,128
2885,64
2886,128
2887,32
2888,64
2889,32
2890,128
2891,64
2892,64
2893,32
2894,128
2895,128
2896,64
2897,64
2898,128
2899,128
2900,128
2901,128
2902,128
2903,64
2904,128
2905,32
2906,128
2907,64
2908,512
2909,64
2910,32
2911,64
2912,32
2913,256
2914,128
2915,128
2916,128
2917,256
2918,128
2919,32
2920,16
2921,32
2922,64
2923,256
2924,32
2925,64
2926,128
2927,256
2928,128
2929,128
2930,32
2931,256
2932,128
2933,128
2934,32
2935,128
2936,16
2937,64
2938,256
2939,64
2940,64
2941,128
2942,64
2943,64
2944,256
2945,64
2946,256
2947,64
2948,128
2949,128
2950,256
2951,128
2952,128
2953,32
2954,128
2955,128
2956,128
2957,64
2958,128
2959,64
2960,64
2961,128
2962,64
2963,64
2964,128
2965,64
2966,64
2967,256
2968,128
2969,32
2970,64
2971,64
2972,64
2973,256
2974,64
2975,64
2976,64
2977,64
2978,256
2979,128
2980,16
2981,128
2982,128
2983,64
2984,128
2985,256
2986,64
2987,32
2988,64
2989,128
2990,128
2991,128
2992,128
2993,64
2994,256
2995,64
2996,128
2997,128
2998,256
2999,32
3000,64
3001,64
3002,64
3003,256
3004,128
3005,16
3006,128
3007,64
3008,256
3009,256
3010,64
3011,256
3012,256
3013,64
3014,64
3015,128
3016,64
3017,128
3018,128
3019,32
3020,64
3021,64
3022,64
3023,64
3024,128
3025,128
3026,128
3027,128
3028,64
3029,64
3030,128
3031,32
3032,128
3033,128
3034,128
3035,128
3036,32
3037,64
3038,128
3039,128
3040,128
3041,128
3042,128
3043,256
3044,32
3045,256
3046,128
3047,64
3048,64
3049,32
3050,256
3051,64
3052,128
3053,256
3054,64
3055,64
3056,128
3057,256
3058,128
3059,32
3060,64
3061,128
3062,32
3063,256
3064,32
3065,128
3066,128
3067,128
3068,128
3069,128
3070,64
3071,128
3072,64
3073,256
3074,128
3075,256
3076,256
3077,64
3078,128
3079,128
3080,64
3081,128
3082,256
3083,64
3084,64
3085,32
3086,128
3087,128
3088,64
3089,256
3090,128
3091,32
3092,64
3093,64
3094,128
3095,64
3096,128
3097,128
3098,16
3099,64
3100,32
3101,32
3102,64
3103,64
3104,64
3105,64
3106,32
3107,128
3108,128
3109,64
3110,16
3111,64
3112,32
3113,64
3114,32
3115,128
3116,128
3117,64
3118,64
3119,32
3120,64
3121,32
3122,128
3123,64
3124,256
3125,32
3126,32
3127,128
3128,128
3129,128
3130,128
3131,64
3132,16
3133,16
3134,128
3135,64
3136,128
3137,32
3138,64
3139,64
3140,128
3141,32
3142,128
3143,256
3144,64
3145,64
3146,128
3147,64
3148,128
3149,64
3150,128
3151,64
3152,256
3153,256
3154,64
3155,64
3156,64
3157,32
3158,256
3159,64
3160,64
3161,128
3162,128
3163,32
3164,32
3165,128
3166,128
3167,128
3168,128
3169,128
3170,128
3171,32
3172,32
3173,128
3174,32
3175,256
3176,128
3177,64
3178,128
3179,256
3180,128
3181,32
3182,256
3183,64
3184,128
3185,64
3186,64
3187,128
3188,256
3189,64
3190,64
3191,64
3192,256
3193,32
3194,128
3195,128
3196,128
3197,64
3198,64
3199,64
3200,64
3201,128
3202,64
3203,64
3204,128
3205,128
3206,128
3207,256
3208,256
3209,64
3210,64
3211,128
3212,32
3213,32
3214,128
3215,64
3216,64
3217,64
3218,128
3219,256
3220,256
3221,128
3222,64
3223,64
3224,64
3225,256
3226,128
3227,32
3228,64
3229,128
3230,32
3231,32
3232,256
3233,128
3234,64
3235,64
3236,128
3237,64
3238,64
3239,32
3240,256
3241,128
3242,128
3243,64
3244,256
3245,256
3246,32
3247,16
3248,64
3249,64
3250,32
3251,128
3252,64
3253,128
3254,64
3255,128
3256,64
3257,32
3258,128
3259,256
3260,256
3261,64
3262,64
3263,64
3264,32
3265,128
3266,128
3267,128
3268,128
3269,32
3270,256
3271,64
3272,256
3273,256
3274,64
3275,32
3276,64
3277,64
3278,128
3279,64
3280,128
3281,512
3282,256
3283,64
3284,128
3285,128
3286,128
3287,256
3288,64
3289,32
3290,128
3291,128
3292,128
3293,64
3294,128
3295,64
3296,32
3297,128
3298,64
3299,64
3300,32
3301,128
3302,128
3303,64
3304,128
3305,64
3306,128
3307,32
3308,32
3309,64
3310,64
3311,128
3312,256
3313,256
3314,32
3315,256
3316,32
3317,32
3318,32
3319,256
3320,64
3321,128
3322,32
3323,128
3324,64
3325,64
3326,64
3327,64
3328,64
3329,64
3330,128
3331,32
3332,256
3333,128
3334,128
3335,128
3336,64
3337,128
3338,128
3339,128
3340,64
3341,64
3342,128
3343,128
3344,64
3345,256
3346,128
3347,128
3348,32
3349,32
3350,32
3351,128
3352,128
3353,128
3354,128
3355,128
3356,128
3357,32
3358,128
3359,128
3360,256
3361,128
3362,128
3363,128
3364,128
3365,256
3366,64
3367,256
3368,128
3369,128
3370,256
3371,64
3372,64
3373,128
3374,128
3375,64
3376,64
3377,256
3378,128
3379,32
3380,64
3381,128
3382,64
3383,32
3384,128
3385,128
3386,64
3387,32
3388,128
3389,32
3390,64
3391,64
3392,128
3393,128
3394,128
3395,64
3396,64
3397,64
3398,256
3399,128
3400,32
3401,64
3402,64
3403,128
3404,64
3405,128
3406,64
3407,256
3408,64
3409,64
3410,32
3411,32
3412,16
3413,64
3414,64
3415,32
3416,32
3417,128
3418,64
3419,64
3420,64
3421,32
3422,64
3423,64
3424,64
3425,64
3426,64
3427,64
3428,64
3429,64
3430,64
3431,128
3432,128
3433,64
3434,128
3435,32
3436,32
3437,128
3438,64
3439,128
3440,64
3441,128
3442,128
3443,256
3444,128
3445,128
3446,64
3447,64
3448,32
3449,32
3450,128
3451,64
3452,128
3453,128
3454,32
3455,128
3456,32
3457,32
3458,256
3459,64
3460,32
3461,128
3462,16
3463,64
3464,64
3465,256
3466,64
3467,64
3468,64
3469,128
3470,256
3471,128
3472,64
3473,32
3474,128
3475,128
3476,128
3477,128
3478,128
3479,256
3480,128
3481,64
3482,32
3483,128
3484,64
3485,256
3486,128
3487,64
3488,256
3489,64
3490,128
3491,64
3492,64
3493,32
3494,32
3495,128
3496,64
3497,32
3498,64
3499,256
3500,64
3501,128
3502,64
3503,32
3504,32
3505,64
3506,64
3507,64
3508,128
3509,64
3510,64
3511,64
3512,128
3513,128
3514,256
3515,32
3516,32
3517,64
3518,64
3519,64
3520,128
3521,32
3522,32
3523,64
3524,64
3525,32
3526,64
3527,128
3528,32
3529,16
3530,32
3531,32
3532,32
3533,64
3534,32
3535,32
3536,128
3537,64
3538,32
3539,64
3540,64
3541,32
3542,64
3543,64
3544,64
3545,256
3546,128
3547,128
3548,64
3549,64
3550,64
3551,32
3552,128
3553,64
3554,128
3555,32
3556,128
3557,64
3558,64
3559,128
3560,128
3561,64
3562,32
3563,64
3564,64
3565,64
3566,256
3567,256
3568,32
3569,64
3570,128
3571,128
3572,256
3573,32
3574,128
3575,64
3576,256
3577,128
3578,128
3579,128
3580,128
3581,32
3582,32
3583,64
3584,256
3585,128
3586,128
3587,64
3588,64
3589,64
3590,64
3591,32
3592,128
3593,32
3594,64
3595,64
3596,32
3597,128
3598,32
3599,128
3600,256
3601,64
3602,256
3603,128
3604,128
3605,128
3606,128
3607,64
3608,128
3609,256
3610,64
3611,128
3612,64
3613,128
3614,128
3615,64
3616,64
3617,32
3618,128
3619,32
3620,64
3621,128
3622,64
3623,128
3624,128
3625,64
3626,256
3627,32
3628,64
3629,128
3630,64
3631,128
3632,64
3633,32
3634,128
3635,64
3636,128
3637,64
3638,256
3639,64
3640,128
3641,128
3642,128
3643,256
3644,128
3645,128
3646,128
3647,128
3648,128
3649,128
3650,128
3651,128
3652,32
3653,16
3654,128
3655,128
3656,128
3657,32
3658,64
3659,256
3660,128
3661,64
3662,64
3663,16
3664,128
3665,128
3666,64
3667,128
3668,32
3669,64
3670,32
3671,64
3672,32
3673,128
3674,128
3675,32
3676,128
3677,128
3678,64
3679,64
3680,128
3681,32
3682,32
3683,256
3684,256
3685,256
3686,64
3687,128
3688,128
3689,64
3690,64
3691,64
3692,64
3693,128
3694,32
3695,128
3696,128
3697,128
3698,64
3699,32
3700,128
3701,64
3702,32
3703,128
3704,32
3705,128
3706,64
3707,128
3708,64
3709,64
3710,128
3711,64
3712,64
3713,64
3714,64
3715,64
3716,64
3717,64
3718,32
3719,128
3720,32
3721,64
3722,64
3723,32
3724,16
3725,32
3726,32
3727,32
3728,64
3729,32
3730,64
3731,64
3732,32
3733,32
3734,64
3735,64
3736,32
3737,64
3738,128
3739,256
3740,64
3741,64
3742,32
3743,128
3744,64
3745,64
3746,64
3747,64
3748,32
3749,32
3750,64
3751,128
3752,64
3753,64
3754,64
3755,32
3756,128
3757,64
3758,64
3759,32
3760,64
3761,64
3762,64
3763,128
3764,64
3765,128
3766,128
3767,128
3768,32
3769,64
3770,16
3771,64
3772,16
3773,64
3774,64
3775,64
3776,64
3777,32
3778,256
3779,64
3780,64
3781,128
3782,32
3783,64
3784,64
3785,64
3786,128
3787,128
3788,16
3789,64
3790,128
3791,64
3792,64
3793,128
3794,32
3795,32
3796,32
3797,64
3798,32
3799,128
3800,256
3801,64
3802,128
3803,128
3804,64
3805,64
3806,128
3807,32
3808,64
3809,128
3810,32
3811,128
3812,32
3813,64
3814,64
3815,64
3816,32
3817,128
3818,128
3819,32
3820,128
3821,64
3822,128
3823,128
3824,32
3825,32
3826,64
3827,128
3828,64
3829,64
3830,128
3831,32
3832,32
3833,64
3834,64
3835,256
3836,64
3837,256
3838,16
3839,64
3840,64
3841,128
3842,128
3843,64
3844,64
3845,32
3846,64
3847,32
3848,128
3849,256
3850,32
3851,64
3852,128
3853,128
3854,128
3855,32
3856,64
3857,64
3858,64
3859,64
3860,32
3861,32
3862,16
3863,64
3864,16
3865,128
3866,128
3867,32
3868,32
3869,64
3870,64
3871,64
3872,512
3873,64
3874,16
3875,128
3876,64
3877,64
3878,64
3879,256
3880,128
3881,128
3882,64
3883,32
3884,128
3885,64
3886,32
3887,128
3888,64
3889,128
3890,128
3891,32
3892,128
3893,64
3894,64
3895,64
3896,32
3897,128
3898,256
3899,64
3900,128
3901,64
3902,128
3903,16
3904,64
3905,64
3906,32
3907,64
3908,128
3909,128
3910,128
3911,128
3912,32
3913,64
3914,32
3915,32
3916,32
3917,32
3918,32
3919,128
3920,32
3921,16
3922,256
3923,32
3924,128
3925,128
3926,128
3927,64
3928,128
3929,64
3930,128
3931,64
3932,32
3933,128
3934,256
3935,256
3936,256
3937,128
3938,128
3939,128
3940,64
3941,256
3942,128
3943,128
3944,128
3945,64
3946,64
3947,128
3948,64
3949,256
3950,64
3951,128
3952,512
3953,32
3954,64
3955,64
3956,256
3957,64
3958,128
3959,128
3960,32
3961,128
3962,32
3963,128
3964,128
3965,64
3966,64
3967,64
3968,64
3969,128
3970,64
3971,32
3972,16
3973,64
3974,32
3975,64
3976,64
3977,128
3978,128
3979,64
3980,64
3981,32
3982,128
3983,64
3984,64
3985,128
3986,32
3987,32
3988,128
3989,64
3990,64
3991,64
3992,32
3993,64
3994,64
3995,64
3996,128
3997,64
3998,128
3999,64
4000,64
4001,32
4002,32
4003,128
4004,128
4005,64
4006,64
4007,128
4008,128
4009,64
4010,16
4011,16
4012,64
4013,64
4014,64
4015,256
4016,64
4017,64
4018,64
4019,128
4020,16
4021,128
4022,64
4023,64
4024,128
4025,32
4026,64
4027,128
4028,128
4029,16
4030,512
4031,32
4032,128
4033,64
4034,128
4035,64
4036,128
4037,256
4038,64
4039,128
4040,64
4041,256
4042,32
4043,512
4044,32
4045,64
4046,64
4047,128
4048,64
4049,64
4050,128
4051,128
4052,512
4053,256
4054,64
4055,128
4056,64
4057,64
4058,16
4059,64
4060,64
4061,32
4062,32
4063,128
4064,32
4065,64
4066,64
4067,32
4068,64
4069,128
4070,32
4071,128
4072,64
4073,128
4074,64
4075,64
4076,128
4077,32
4078,128
4079,64
4080,256
4081,128
4082,128
4083,128
4084,64
4085,64
4086,128
4087,256
4088,128
4089,128
4090,256
4091,128
4092,128
4093,128
4094,128
4095,128
4096,128
4097,256
4098,64
4099,128
4100,32
4101,64
4102,64
4103,64
4104,64
4105,64
4106,128
4107,64
4108,128
4109,128
4110,128
4111,64
4112,64
4113,256
4114,64
4115,32
4116,256
4117,64
4118,32
4119,64
4120,128
4121,32
4122,8
4123,64
4124,32
4125,128
4126,256
4127,128
4128,128
4129,256
4130,128
4131,64
4132,128
4133,32
4134,16
4135,32
4136,128
4137,64
4138,64
4139,64
4140,32
4141,16
4142,128
4143,256
4144,64
4145,64
4146,32
4147,32
4148,64
4149,128
4150,128
4151,128
4152,32
4153,32
4154,128
4155,32
4156,32
4157,64
4158,64
4159,128
4160,128
4161,32
4162,32
4163,64
4164,32
4165,64
4166,32
4167,64
4168,64
4169,128
4170,64
4171,64
4172,128
4173,64
4174,128
4175,32
4176,128
4177,128
4178,128
4179,32
4180,32
4181,128
4182,32
4183,32
4184,128
4185,32
4186,64
4187,64
4188,64
4189,128
4190,64
4191,64
4192,128
4193,64
4194,128
4195,64
4196,128
4197,128
4198,128
4199,64
4200,128
4201,32
4202,64
4203,32
4204,64
4205,256
4206,128
4207,256
4208,32
4209,128
4210,128
4211,32
4212,64
4213,64
4214,64
4215,256
4216,128
4217,128
4218,128
4219,64
4220,32
4221,128
4222,32
4223,64
4224,32
4225,64
4226,64
4227,64
4228,32
4229,256
4230,32
4231,256
4232,64
4233,64
4234,128
4235,128
4236,128
4237,128
4238,64
4239,128
4240,64
4241,128
4242,128
4243,64
4244,32
4245,64
4246,16
4247,64
4248,64
4249,64
4250,512
4251,64
4252,64
4253,32
4254,32
4255,32
4256,128
4257,32
4258,128
4259,64
4260,128
4261,128
4262,64
4263,128
4264,64
4265,32
4266,64
4267,128
4268,128
4269,64
4270,128
4271,64
4272,128
4273,32
4274,128
4275,128
4276,64
4277,128
4278,64
4279,64
4280,256
4281,64
4282,128
4283,256
4284,16
4285,64
4286,128
4287,32
4288,64
4289,64
4290,32
4291,128
4292,512
4293,32
4294,32
4295,64
4296,128
4297,32
4298,128
4299,64
4300,128
4301,32
4302,64
4303,32
4304,128
4305,256
4306,128
4307,64
4308,128
4309,128
4310,128
4311,128
4312,128
4313,128
4314,32
4315,32
4316,64
4317,256
4318,32
4319,64
4320,64
4321,64
4322,128
4323,256
4324,128
4325,256
4326,128
4327,128
4328,128
4329,32
4330,64
4331,64
4332,128
4333,32
4334,64
4335,64
4336,128
4337,64
4338,256
4339,64
4340,128
4341,128
4342,32
4343,128
4344,64
4345,128
4346,32
4347,32
4348,64
4349,16
4350,32
4351,64
4352,32
4353,64
4354,128
4355,256
4356,64
4357,32
4358,64
4359,128
4360,64
4361,32
4362,32
4363,32
4364,128
4365,128
4366,128
4367,256
4368,128
4369,128
4370,128
4371,32
4372,128
4373,64
4374,16
4375,128
4376,64
4377,32
4378,128
4379,32
4380,32
4381,64
4382,128
4383,64
4384,32
4385,64
4386,64
4387,128
4388,32
4389,64
4390,128
4391,16
4392,32
4393,64
4394,128
4395,32
4396,64
4397,128
4398,256
4399,256
4400,32
4401,32
4402,64
4403,64
4404,128
4405,64
4406,64
4407,16
4408,64
4409,64
4410,128
4411,256
4412,128
4413,128
4414,128
4415,32
4416,128
4417,128
4418,64
4419,32
4420,128
4421,64
4422,64
4423,64
4424,32
4425,32
4426,64
4427,128
4428,32
4429,128
4430,256
4431,128
4432,32
4433,32
4434,256
4435,64
4436,32
4437,64
4438,128
4439,128
4440,128
4441,64
4442,128
4443,32
4444,32
4445,64
4446,32
4447,128
4448,16
4449,256
4450,256
4451,64
4452,128
4453,32
4454,128
4455,64
4456,64
4457,64
4458,64
4459,32
4460,32
4461,32
4462,64
4463,64
4464,64
4465,128
4466,128
4467,64
4468,32
4469,64
4470,32
4471,32
4472,128
4473,64
4474,128
4475,32
4476,64
4477,64
4478,32
4479,32
4480,128
4481,64
4482,128
4483,16
4484,128
4485,64
4486,128
4487,64
4488,128
4489,64
4490,128
4491,64
4492,32
4493,128
4494,128
4495,128
4496,32
4497,64
4498,64
4499,32
4500,64
4501,32
4502,64
4503,64
4504,128
4505,64
4506,128
4507,128
4508,32
4509,32
4510,128
4511,64
4512,128
4513,64
4514,128
4515,64
4516,64
4517,128
4518,64
4519,32
4520,64
4521,32
4522,64
4523,64
4524,128
4525,16
4526,64
4527,256
4528,64
4529,64
4530,32
4531,64
4532,64
4533,256
4534,64
4535,64
4536,64
4537,64
4538,128
4539,32
4540,64
4541,64
4542,64
4543,256
4544,32
4545,128
4546,128
4547,32
4548,128
4549,32
4550,128
4551,128
4552,64
4553,32
4554,128
4555,64
4556,32
4557,256
4558,128
4559,64
4560,128
4561,128
4562,32
4563,32
4564,32
4565,64
4566,64
4567,128
4568,32
4569,64
4570,32
4571,64
4572,32
4573,64
4574,32
4575,64
4576,32
4577,128
4578,64
4579,32
4580,128
4581,64
4582,64
4583,128
4584,64
4585,32
4586,64
4587,64
4588,32
4589,16
4590,32
4591,32
4592,64
4593,64
4594,128
4595,64
4596,128
4597,32
4598,64
4599,128
4600,64
4601,16
4602,128
4603,64
4604,64
4605,64
4606,128
4607,64
4608,64
4609,64
4610,128
4611,64
4612,64
4613,128
4614,64
4615,256
4616,256
4617,256
4618,128
4619,128
4620,32
4621,64
4622,64
4623,64
4624,128
4625,64
4626,16
4627,32
4628,256
4629,32
4630,32
4631,32
4632,64
4633,128
4634,32
4635,64
4636,64
4637,64
4638,64
4639,64
4640,32
4641,128
4642,128
4643,16
4644,64
4645,128
4646,64
4647,64
4648,32
4649,32
4650,64
4651,128
4652,128
4653,64
4654,128
4655,256
4656,64
4657,64
4658,256
4659,256
4660,64
4661,32
4662,256
4663,256
4664,128
4665,64
4666,16
4667,128
4668,64
4669,64
4670,16
4671,32
4672,128
4673,64
4674,32
4675,64
4676,32
4677,64
4678,16
4679,64
4680,32
4681,128
4682,128
4683,64
4684,256
4685,128
4686,32
4687,64
4688,256
4689,32
4690,256
4691,128
4692,64
4693,32
4694,256
4695,32
4696,64
4697,128
4698,32
4699,32
4700,128
4701,64
4702,64
4703,64
4704,16
4705,32
4706,32
4707,64
4708,32
4709,32
4710,64
4711,64
4712,32
4713,128
4714,64
4715,32
4716,64
4717,64
4718,128
4719,32
4720,256
4721,64
4722,64
4723,16
4724,128
4725,32
4726,256
4727,32
4728,32
4729,128
4730,128
4731,64
4732,256
4733,32
4734,128
4735,128
4736,64
4737,64
4738,32
4739,32
4740,64
4741,128
4742,64
4743,16
4744,128
4745,128
4746,64
4747,64
4748,256
4749,32
4750,128
4751,64
4752,32
4753,64
4754,32
4755,128
4756,128
4757,256
4758,64
4759,128
4760,32
4761,64
4762,16
4763,64
4764,64
4765,32
4766,64
4767,128
4768,64
4769,128
4770,64
4771,64
4772,128
4773,64
4774,64
4775,64
4776,64
4777,32
4778,64
4779,128
4780,128
4781,128
4782,32
4783,64
4784,128
4785,64
4786,128
4787,64
4788,32
4789,64
4790,128
4791,64
4792,64
4793,32
4794,64
4795,32
4796,64
4797,128
4798,256
4799,64
4800,128
4801,128
4802,64
4803,32
4804,256
4805,256
4806,128
4807,128
4808,32
4809,64
4810,128
4811,64
4812,128
4813,32
4814,64
4815,128
4816,64
4817,32
4818,64
4819,256
4820,64
4821,64
4822,64
4823,128
4824,64
4825,128
4826,64
4827,64
4828,128
4829,64
4830,32
4831,64
4832,256
4833,128
4834,64
4835,128
4836,128
4837,256
4838,32
4839,64
4840,64
4841,32
4842,32
4843,64
4844,128
4845,64
4846,64
4847,128
4848,256
4849,32
4850,64
4851,128
4852,64
4853,32
4854,64
4855,128
4856,32
4857,128
4858,256
4859,128
4860,64
4861,8
4862,64
4863,256
4864,32
4865,32
4866,32
4867,64
4868,64
4869,32
4870,128
4871,64
4872,128
4873,128
4874,16
4875,256
4876,32
4877,64
4878,128
4879,128
4880,256
4881,128
4882,128
4883,32
4884,64
4885,64
4886,64
4887,64
4888,128
4889,16
4890,64
4891,256
4892,64
4893,32
4894,64
4895,64
4896,256
4897,64
4898,128
4899,32
4900,32
4901,64
4902,16
4903,64
4904,128
4905,256
4906,32
4907,128
4908,32
4909,128
4910,64
4911,128
4912,256
4913,64
4914,64
4915,128
4916,256
4917,32
4918,32
4919,256
4920,64
4921,32
4922,32
4923,512
4924,128
4925,128
4926,128
4927,128
4928,128
4929,32
4930,64
4931,32
4932,64
4933,128
4934,64
4935,128
4936,128
4937,64
4938,128
4939,32
4940,64
4941,32
4942,256
4943,128
4944,64
4945,128
4946,64
4947,256
4948,64
4949,256
4950,512
4951,256
4952,64
4953,64
4954,128
4955,128
4956,64
4957,64
4958,128
4959,128
4960,128
4961,128
4962,64
4963,64
4964,128
4965,64
4966,64
4967,64
4968,64
4969,128
4970,128
4971,64
4972,128
4973,128
4974,128
4975,128
4976,64
4977,64
4978,32
4979,64
4980,128
4981,128
4982,128
4983,128
4984,64
4985,32
4986,16
4987,32
4988,32
4989,64
4990,16
4991,128
4992,128
4993,64
4994,64
4995,32
4996,128
4997,64
4998,64
4999,128
5000,128
5001,64
5002,128
5003,64
5004,32
5005,64
5006,64
5007,128
5008,64
5009,64
5010,64
5011,64
5012,32
5013,128
5014,32
5015,64
5016,128
5017,64
5018,32
5019,64
5020,32
5021,64
5022,128
5023,32
5024,64
5025,64
5026,64
5027,128
5028,256
5029,128
5030,16
5031,32
5032,256
5033,128
5034,128
5035,256
5036,128
5037,64
5038,64
5039,32
5040,128
5041,128
5042,32
5043,64
5044,64
5045,64
5046,64
5047,128
5048,256
5049,128
5050,32
5051,64
5052,64
5053,128
5054,32
5055,32
5056,256
5057,64
5058,128
5059,256
5060,256
5061,128
5062,64
5063,64
5064,128
5065,64
5066,256
5067,32
5068,32
5069,32
5070,128
5071,64
5072,256
5073,256
5074,64
5075,128
5076,128
5077,64
5078,64
5079,32
5080,128
5081,64
5082,32
5083,64
5084,64
5085,64
5086,256
5087,64
5088,256
5089,128
5090,256
5091,64
5092,256
5093,64
5094,64
5095,64
5096,64
5097,512
5098,128
5099,128
5100,64
5101,32
5102,64
5103,128
5104,128
5105,64
5106,64
5107,64
5108,128
5109,128
5110,16
5111,256
5112,64
5113,64
5114,64
5115,32
5116,32
5117,32
5118,32
5119,128
5120,64
5121,128
5122,128
5123,64
5124,64
5125,64
5126,256
5127,64
5128,32
5129,64
5130,256
5131,128
5132,64
5133,128
5134,64
5135,32
5136,128
5137,64
5138,64
5139,32
5140,256
5141,128
5142,64
5143,128
5144,64
5145,128
5146,64
5147,32
5148,128
5149,128
5150,128
5151,64
5152,64
5153,64
5154,64
5155,256
5156,64
5157,256
5158,128
5159,128
5160,256
5161,128
5162,64
5163,256
5164,128
5165,128
5166,64
5167,128
5168,32
5169,128
5170,256
5171,128
5172,128
5173,64
5174,128
5175,64
5176,64
5177,256
5178,64
5179,128
5180,64
5181,32
5182,128
5183,128
5184,32
5185,64
5186,64
5187,128
5188,64
5189,64
5190,128
5191,64
5192,256
5193,256
5194,64
5195,128
5196,64
5197,128
5198,64
5199,64
5200,32
5201,32
5202,64
5203,128
5204,64
5205,64
5206,128
5207,32
5208,128
5209,64
5210,128
5211,64
5212,128
5213,64
5214,64
5215,256
5216,32
5217,64
5218,128
5219,128
5220,64
5221,128
5222,64
5223,64
5224,128
5225,128
5226,128
5227,16
5228,64
5229,64
5230,128
5231,32
5232,32
5233,64
5234,128
5235,64
5236,128
5237,256
5238,64
5239,32
5240,32
5241,64
5242,64
5243,64
5244,64
5245,128
5246,64
5247,128
5248,128
5249,128
5250,128
5251,64
5252,64
5253,64
5254,32
5255,128
5256,256
5257,256
5258,32
5259,64
5260,128
5261,32
5262,64
5263,64
5264,128
5265,64
5266,64
5267,64
5268,64
5269,128
5270,128
5271,64
5272,32
5273,64
5274,64
5275,128
5276,512
5277,256
5278,128
5279,64
5280,128
5281,128
5282,128
5283,64
5284,128
5285,64
5286,64
5287,128
5288,64
5289,128
5290,128
5291,512
5292,128
5293,64
5294,256
5295,64
5296,128
5297,32
5298,128
5299,64
5300,128
5301,32
5302,64
5303,64
5304,32
5305,16
5306,64
5307,64
5308,64
5309,32
5310,256
5311,32
5312,32
5313,64
5314,128
5315,64
5316,64
5317,64
5318,64
5319,16
5320,128
5321,32
5322,128
5323,32
5324,32
5325,128
5326,32
5327,256
5328,128
5329,128
5330,256
5331,128
5332,128
5333,128
5334,64
5335,64
5336,64
5337,32
5338,64
5339,64
5340,128
5341,256
5342,128
5343,64
5344,64
5345,128
5346,128
5347,128
5348,64
5349,256
5350,16
5351,64
5352,32
5353,32
5354,32
5355,64
5356,64
5357,64
5358,64
5359,64
5360,128
5361,256
5362,128
5363,128
5364,128
5365,128
5366,64
5367,64
5368,128
5369,128
5370,64
5371,32
5372,32
5373,256
5374,128
5375,256
5376,32
5377,128
5378,64
5379,256
5380,64
5381,32
5382,64
5383,64
5384,64
5385,32
5386,64
5387,64
5388,32
5389,64
5390,128
5391,64
5392,64
5393,64
5394,64
5395,256
5396,32
5397,256
5398,128
5399,64
5400,128
5401,64
5402,128
5403,64
5404,64
5405,128
5406,64
5407,64
5408,256
5409,128
5410,64
5411,64
5412,64
5413,64
5414,128
5415,32
5416,64
5417,256
5418,128
5419,64
5420,32
5421,256
5422,256
5423,128
5424,64
5425,64
5426,128
5427,128
5428,256
5429,64
5430,64
5431,32
5432,128
5433,256
5434,64
5435,32
5436,128
5437,64
5438,128
5439,32
5440,128
5441,64
5442,32
5443,64
5444,256
5445,128
5446,64
5447,32
5448,128
5449,512
5450,64
5451,32
5452,64
5453,64
5454,64
5455,256
5456,128
5457,256
5458,128
5459,64
5460,128
5461,256
5462,128
5463,128
5464,32
5465,128
5466,128
5467,128
5468,256
5469,128
5470,64
5471,128
5472,256
5473,32
5474,128
5475,64
5476,64
5477,64
5478,32
5479,64
5480,64
5481,64
5482,64
5483,32
5484,128
5485,128
5486,256
5487,32
5488,128
5489,128
5490,64
5491,128
5492,128
5493,128
5494,256
5495,128
5496,32
5497,64
5498,64
5499,256
5500,64
5501,64
5502,64
5503,256
5504,128
5505,256
5506,64
5507,128
5508,64
5509,32
5510,64
5511,64
5512,128
5513,32
5514,64
5515,64
5516,128
5517,64
5518,128
5519,128
5520,64
5521,128
5522,64
5523,128
5524,64
5525,64
5526,64
5527,64
5528,64
5529,256
5530,64
5531,64
5532,32
5533,256
5534,128
5535,256
5536,128
5537,64
5538,128
5539,128
5540,64
5541,128
5542,128
5543,64
5544,128
5545,128
5546,128
5547,256
5548,64
5549,64
5550,64
5551,128
5552,32
5553,64
5554,32
5555,128
5556,256
5557,128
5558,128
5559,128
5560,128
5561,128
5562,64
5563,32
5564,64
5565,32
5566,64
5567,64
5568,64
5569,128
5570,64
5571,128
5572,64
5573,128
5574,256
5575,32
5576,512
5577,128
5578,64
5579,64
5580,64
5581,128
5582,128
5583,64
5584,128
5585,64
5586,64
5587,128
5588,256
5589,128
5590,128
5591,64
5592,128
5593,64
5594,64
5595,32
5596,32
5597,128
5598,128
5599,128
5600,128
5601,64
5602,256
5603,256
5604,128
5605,64
5606,64
5607,64
5608,256
5609,256
5610,256
5611,64
5612,64
5613,256
5614,128
5615,64
5616,128
5617,32
5618,64
5619,128
5620,64
5621,64
5622,32
5623,128
5624,256
5625,128
5626,64
5627,64
5628,32
5629,128
5630,256
5631,128
5632,128
5633,64
5634,128
5635,64
5636,64
5637,32
5638,32
5639,256
5640,64
5641,128
5642,64
5643,64
5644,128
5645,64
5646,64
5647,64
5648,64
5649,32
5650,256
5651,64
5652,128
5653,128
5654,128
5655,256
5656,32
5657,128
5658,64
5659,128
5660,64
5661,64
5662,128
5663,64
5664,512
5665,64
5666,64
5667,128
5668,64
5669,128
5670,128
5671,64
5672,128
5673,128
5674,128
5675,64
5676,32
5677,64
5678,32
5679,32
5680,128
5681,128
5682,128
5683,256
5684,64
5685,64
5686,64
5687,128
5688,128
5689,16
5690,128
5691,256
5692,64
5693,64
5694,64
5695,64
5696,128
5697,64
5698,128
5699,256
5700,32
5701,256
5702,64
5703,64
5704,64
5705,32
5706,256
5707,64
5708,32
5709,64
5710,128
5711,256
5712,64
5713,64
5714,64
5715,64
5716,64
5717,64
5718,128
5719,64
5720,64
5721,128
5722,128
5723,64
5724,128
5725,128
5726,128
5727,64
5728,64
5729,64
5730,32
5731,256
5732,128
5733,128
5734,64
5735,256
5736,128
5737,128
5738,16
5739,128
5740,128
5741,128
5742,128
5743,128
5744,256
5745,128
5746,128
5747,64
5748,128
5749,128
5750,256
5751,64
5752,32
5753,128
5754,64
5755,128
5756,64
5757,128
5758,32
5759,128
5760,128
5761,128
5762,256
5763,64
5764,256
5765,128
5766,64
5767,128
5768,128
5769,128
5770,128
5771,128
5772,64
5773,128
5774,64
5775,256
5776,64
5777,32
5778,128
5779,256
5780,64
5781,64
5782,64
5783,128
5784,64
5785,128
5786,128
5787,64
5788,128
5789,128
5790,64
5791,128
5792,256
5793,128
5794,128
5795,128
5796,128
5797,128
5798,64
5799,64
5800,64
5801,128
5802,64
5803,128
5804,64
5805,128
5806,128
5807,64
5808,128
5809,64
5810,32
5811,128
5812,128
5813,512
5814,32
5815,128
5816,128
5817,64
5818,128
5819,32
5820,128
5821,32
5822,64
5823,64
5824,128
5825,128
5826,128
5827,64
5828,32
5829,64
5830,128
5831,64
5832,64
5833,128
5834,128
5835,64
5836,512
5837,64
5838,128
5839,64
5840,64
5841,32
5842,128
5843,64
5844,64
5845,64
5846,256
5847,16
5848,64
5849,64
5850,32
5851,128
5852,64
5853,32
5854,64
5855,32
5856,64
5857,64
5858,128
5859,64
5860,64
5861,32
5862,256
5863,128
5864,64
5865,128
5866,128
5867,128
5868,64
5869,128
5870,64
5871,256
5872,256
5873,128
5874,128
5875,256
5876,128
5877,128
5878,32
5879,128
5880,64
5881,32
5882,128
5883,64
5884,256
5885,64
5886,64
5887,64
5888,256
5889,128
5890,128
5891,128
5892,128
5893,64
5894,64
5895,128
5896,128
5897,64
5898,128
5899,32
5900,128
5901,64
5902,64
5903,512
5904,32
5905,256
5906,64
5907,64
5908,16
5909,32
5910,256
5911,128
5912,128
5913,32
5914,32
5915,64
5916,128
5917,128
5918,64
5919,256
5920,32
5921,32
5922,128
5923,32
5924,128
5925,256
5926,64
5927,128
5928,256
5929,128
5930,64
5931,32
5932,128
5933,64
5934,256
5935,32
5936,64
5937,64
5938,512
5939,32
5940,512
5941,128
5942,256
5943,16
5944,32
5945,64
5946,128
5947,128
5948,64
5949,128
5950,256
5951,64
5952,64
5953,64
5954,128
5955,32
5956,256
5957,64
5958,128
5959,128
5960,64
5961,128
5962,128
5963,64
5964,128
5965,256
5966,128
5967,32
5968,64
5969,64
5970,32
5971,64
5972,64
5973,64
5974,32
5975,128
5976,128
5977,256
5978,64
5979,64
5980,64
5981,64
5982,128
5983,64
5984,64
5985,64
5986,128
5987,256
5988,32
5989,64
5990,128
5991,128
5992,32
5993,64
5994,64
5995,128
5996,64
5997,64
5998,32
5999,128
6000,256
6001,64
6002,32
6003,64
6004,64
6005,256
6006,64
6007,32
6008,128
6009,32
6010,64
6011,512
6012,64
6013,256
6014,32
6015,64
6016,128
6017,64
6018,128
6019,128
6020,256
6021,32
6022,128
6023,32
6024,256
6025,128
6026,256
6027,64
6028,64
6029,256
6030,32
6031,128
6032,512
6033,64
6034,128
6035,64
6036,128
6037,256
6038,128
6039,128
6040,32
6041,64
6042,128
6043,64
6044,64
6045,128
6046,128
6047,256
6048,64
6049,64
6050,64
6051,64
6052,16
6053,256
6054,128
6055,512
6056,256
6057,64
6058,128
6059,128
6060,32
6061,256
6062,128
6063,128
6064,128
6065,128
6066,64
6067,256
6068,1024
6069,256
6070,64
6071,64
6072,256
6073,64
6074,64
6075,128
6076,128
6077,256
6078,128
6079,128
6080,128
6081,256
6082,256
6083,64
6084,128
6085,64
6086,32
6087,64
6088,64
6089,64
6090,32
6091,128
6092,128
6093,64
6094,32
6095,256
6096,64
6097,32
6098,128
6099,128
6100,128
6101,128
6102,64
6103,32
6104,32
6105,64
6106,128
6107,64
6108,64
6109,64
6110,128
6111,64
6112,128
6113,64
6114,256
6115,32
6116,64
6117,64
6118,64
6119,128
6120,64
6121,64
6122,64
6123,64
6124,128
6125,64
6126,64
6127,256
6128,128
6129,128
6130,64
6131,32
6132,128
6133,256
6134,32
6135,256
6136,128
6137,128
6138,32
6139,64
6140,256
6141,128
6142,128
6143,64
6144,256
6145,64
6146,256
6147,256
6148,256
6149,64
6150,128
6151,32
6152,256
6153,256
6154,64
6155,256
6156,128
6157,128
6158,128
6159,128
6160,64
6161,32
6162,128
6163,128
6164,256
6165,64
6166,64
6167,128
6168,64
6169,128
6170,256
6171,512
6172,32
6173,64
6174,128
6175,128
6176,32
6177,16
6178,64
6179,32
6180,256
6181,64
6182,32
6183,128
6184,32
6185,64
6186,128
6187,128
6188,128
6189,64
6190,512
6191,256
6192,64
6193,128
6194,128
6195,128
6196,64
6197,64
6198,128
6199,64
6200,32
6201,64
6202,64
6203,128
6204,128
6205,128
6206,256
6207,64
6208,128
6209,256
6210,64
6211,128
6212,128
6213,256
6214,16
6215,128
6216,128
6217,256
6218,128
6219,128
6220,128
6221,16
6222,64
6223,32
6224,128
6225,128
6226,256
6227,256
6228,256
6229,64
6230,128
6231,16
6232,256
6233,128
6234,64
6235,64
6236,128
6237,32
6238,256
6239,512
6240,128
6241,64
6242,128
6243,256
6244,128
6245,256
6246,128
6247,256
6248,64
6249,128
6250,128
6251,128
6252,64
6253,128
6254,64
6255,64
6256,256
6257,64
6258,128
6259,64
6260,64
6261,128
6262,64
6263,128
6264,64
6265,64
6266,64
6267,64
6268,64
6269,128
6270,128
6271,256
6272,64
6273,64
6274,32
6275,32
6276,16
6277,128
6278,32
6279,32
6280,64
6281,128
6282,128
6283,128
6284,128
6285,64
6286,64
6287,128
6288,32
6289,128
6290,128
6291,128
6292,64
6293,64
6294,64
6295,64
6296,256
6297,128
6298,256
6299,32
6300,32
6301,32
6302,128
6303,32
6304,128
6305,128
6306,16
6307,64
6308,32
6309,32
6310,128
6311,64
6312,64
6313,128
6314,64
6315,128
6316,64
6317,64
6318,64
6319,32
6320,64
6321,256
6322,256
6323,256
6324,64
6325,32
6326,256
6327,64
6328,64
6329,64
6330,64
6331,256
6332,128
6333,32
6334,256
6335,32
6336,16
6337,64
6338,256
6339,16
6340,128
6341,32
6342,64
6343,64
6344,256
6345,32
6346,64
6347,128
6348,128
6349,128
6350,256
6351,32
6352,64
6353,256
6354,128
6355,128
6356,64
6357,128
6358,128
6359,64
6360,64
6361,32
6362,128
6363,256
6364,128
6365,64
6366,32
6367,64
6368,64
6369,32
6370,64
6371,32
6372,128
6373,128
6374,128
6375,32
6376,128
6377,128
6378,32
6379,32
6380,128
6381,64
6382,64
6383,128
6384,128
6385,64
6386,64
6387,32
6388,64
6389,128
6390,32
6391,32
6392,128
6393,128
6394,128
6395,64
6396,32
6397,64
6398,64
6399,128
6400,256
6401,512
6402,64
6403,128
6404,64
6405,64
6406,128
6407,128
6408,256
6409,64
6410,128
6411,256
6412,128
6413,64
6414,128
6415,128
6416,64
6417,128
6418,64
6419,128
6420,64
6421,64
6422,32
6423,128
6424,64
6425,256
6426,64
6427,128
6428,256
6429,128
6430,64
6431,64
6432,256
6433,64
6434,64
6435,32
6436,256
6437,32
6438,64
6439,64
6440,64
6441,128
6442,64
6443,32
6444,64
6445,128
6446,128
6447,256
6448,256
6449,64
6450,64
6451,256
6452,32
6453,128
6454,256
6455,128
6456,64
6457,64
6458,64
6459,64
6460,128
6461,32
6462,32
6463,64
6464,128
6465,256
6466,64
6467,128
6468,128
6469,64
6470,32
6471,64
6472,64
6473,64
6474,32
6475,64
6476,128
6477,128
6478,256
6479,256
6480,128
6481,32
6482,128
6483,64
6484,256
6485,128
6486,64
6487,128
6488,128
6489,128
6490,128
6491,256
6492,128
6493,32
6494,128
6495,128
6496,16
6497,64
6498,128
6499,128
6500,64
6501,128
6502,64
6503,256
6504,128
6505,64
6506,128
6507,128
6508,128
6509,128
6510,256
6511,128
6512,64
6513,128
6514,64
6515,128
6516,32
6517,128
6518,32
6519,128
6520,64
6521,64
6522,64
6523,64
6524,128
6525,128
6526,64
6527,64
6528,32
6529,128
6530,32
6531,128
6532,64
6533,128
6534,128
6535,64
6536,64
6537,128
6538,64
6539,128
6540,64
6541,256
6542,64
6543,128
6544,128
6545,128
6546,64
6547,64
6548,128
6549,128
6550,64
6551,128
6552,128
6553,256
6554,128
6555,256
6556,256
6557,32
6558,32
6559,128
6560,128
6561,256
6562,128
6563,64
6564,128
6565,64
6566,32
6567,256
6568,128
6569,256
6570,128
6571,128
6572,64
6573,32
6574,128
6575,64
6576,32
6577,128
6578,64
6579,32
6580,256
6581,128
6582,64
6583,128
6584,64
6585,64
6586,128
6587,128
6588,64
6589,64
6590,64
6591,64
6592,32
6593,128
6594,256
6595,256
6596,256
6597,128
6598,32
6599,128
6600,128
6601,256
6602,64
6603,64
6604,64
6605,128
6606,64
6607,128
6608,256
6609,32
6610,128
6611,256
6612,32
6613,128
6614,64
6615,128
6616,128
6617,64
6618,64
6619,64
6620,128
6621,128
6622,128
6623,64
6624,128
6625,256
6626,128
6627,64
6628,128
6629,64
6630,64
6631,128
6632,64
6633,128
6634,128
6635,32
6636,64
6637,128
6638,128
6639,128
6640,128
6641,32
6642,32
6643,128
6644,64
6645,128
6646,16
6647,32
6648,32
6649,16
6650,64
6651,32
6652,32
6653,64
6654,256
6655,128
6656,128
6657,256
6658,64
6659,256
6660,128
6661,128
6662,256
6663,128
6664,32
6665,64
6666,128
6667,64
6668,64
6669,128
6670,128
6671,128
6672,128
6673,16
6674,32
6675,128
6676,128
6677,32
6678,128
6679,128
6680,128
6681,128
6682,128
6683,64
6684,64
6685,128
6686,64
6687,64
6688,64
6689,128
6690,32
6691,64
6692,64
6693,128
6694,256
6695,256
6696,32
6697,32
6698,64
6699,32
6700,64
6701,32
6702,64
6703,128
6704,64
6705,256
6706,128
6707,128
6708,256
6709,32
6710,256
6711,128
6712,32
6713,512
6714,64
6715,128
6716,32
6717,64
6718,64
6719,128
6720,64
6721,256
6722,128
6723,256
6724,256
6725,64
6726,128
6727,128
6728,128
6729,64
6730,128
6731,256
6732,128
6733,64
6734,128
6735,128
6736,128
6737,128
6738,256
6739,256
6740,256
6741,128
6742,32
6743,64
6744,128
6745,64
6746,128
6747,64
6748,128
6749,128
6750,64
6751,64
6752,256
6753,64
6754,32
6755,256
6756,64
6757,128
6758,16
6759,64
6760,256
6761,128
6762,64
6763,256
6764,256
6765,128
6766,256
6767,128
6768,256
6769,128
6770,64
6771,128
6772,128
6773,64
6774,32
6775,128
6776,256
6777,128
6778,64
6779,64
6780,128
6781,64
6782,64
6783,512
6784,128
6785,32
6786,128
6787,128
6788,256
6789,64
6790,128
6791,128
6792,128
6793,128
6794,64
6795,64
6796,32
6797,64
6798,256
6799,256
6800,128
6801,64
6802,32
6803,64
6804,256
6805,64
6806,256
6807,64
6808,64
6809,32
6810,64
6811,128
6812,32
6813,256
6814,32
6815,64
6816,128
6817,128
6818,256
6819,16
6820,128
6821,256
6822,128
6823,256
6824,32
6825,128
6826,16
6827,128
6828,256
6829,64
6830,256
6831,64
6832,64
6833,32
6834,512
6835,32
6836,256
6837,256
6838,64
6839,64
6840,128
6841,128
6842,256
6843,64
6844,64
6845,256
6846,128
6847,16
6848,256
6849,128
6850,64
6851,128
6852,64
6853,128
6854,64
6855,32
6856,128
6857,256
6858,256
6859,256
6860,256
6861,128
6862,256
6863,128
6864,256
6865,64
6866,256
6867,256
6868,64
6869,32
6870,256
6871,64
6872,32
6873,128
6874,64
6875,128
6876,64
6877,256
6878,128
6879,128
6880,256
6881,64
6882,256
6883,128
6884,128
6885,256
6886,64
6887,64
6888,128
6889,32
6890,128
6891,128
6892,64
6893,128
6894,128
6895,64
6896,128
6897,64
6898,128
6899,128
6900,128
6901,64
6902,64
6903,128
6904,64
6905,32
6906,128
6907,256
6908,256
6909,32
6910,32
6911,64
6912,32
6913,128
6914,64
6915,128
6916,64
6917,64
6918,128
6919,128
6920,128
6921,64
6922,32
6923,32
6924,16
6925,64
6926,64
6927,64
6928,64
6929,16
6930,64
6931,128
6932,64
6933,32
6934,128
6935,64
6936,64
6937,64
6938,128
6939,256
6940,128
6941,64
6942,64
6943,64
6944,64
6945,32
6946,64
6947,128
6948,64
6949,64
6950,64
6951,64
6952,128
6953,128
6954,256
6955,32
6956,64
6957,128
6958,32
6959,32
6960,128
6961,64
6962,64
6963,32
6964,64
6965,128
6966,128
6967,32
6968,64
6969,32
6970,64
6971,128
6972,64
6973,256
6974,32
6975,16
6976,512
6977,32
6978,64
6979,32
6980,32
6981,64
6982,64
6983,64
6984,128
6985,64
6986,64
6987,128
6988,32
6989,128
6990,64
6991,64
6992,256
6993,64
6994,128
6995,256
6996,128
6997,16
6998,32
6999,64
7000,64
7001,128
7002,128
7003,32
7004,256
7005,16
7006,64
7007,128
7008,32
7009,128
7010,256
7011,32
7012,64
7013,64
7014,512
7015,64
7016,128
7017,128
7018,32
7019,32
7020,64
7021,128
7022,128
7023,64
7024,256
7025,32
7026,64
7027,256
7028,32
7029,256
7030,32
7031,128
7032,64
7033,128
7034,128
7035,128
7036,128
7037,64
7038,64
7039,128
7040,64
7041,128
7042,128
7043,256
7044,64
7045,128
7046,64
7047,32
7048,64
7049,64
7050,128
7051,128
7052,256
7053,64
7054,256
7055,64
7056,128
7057,32
7058,128
7059,16
7060,128
7061,64
7062,128
7063,64
7064,256
7065,64
7066,64
7067,256
7068,32
7069,32
7070,64
7071,128
7072,64
7073,16
7074,16
7075,32
7076,32
7077,32
7078,64
7079,32
7080,64
7081,128
7082,128
7083,128
7084,32
7085,32
7086,16
7087,16
7088,64
7089,64
7090,64
7091,128
7092,32
7093,64
7094,64
7095,64
7096,128
7097,64
7098,64
7099,64
7100,32
7101,128
7102,64
7103,128
7104,32
7105,16
7106,128
7107,64
7108,128
7109,64
7110,256
7111,32
7112,32
7113,128
7114,128
7115,64
7116,128
7117,64
7118,32
7119,128
7120,16
7121,64
7122,64
7123,128
7124,64
7125,128
7126,64
7127,32
7128,64
7129,64
7130,16
7131,16
7132,64
7133,64
7134,32
7135,128
7136,32
7137,64
7138,128
7139,64
7140,64
7141,32
7142,32
7143,32
7144,128
7145,32
7146,128
7147,64
7148,128
7149,64
7150,128
7151,128
7152,16
7153,64
7154,32
7155,32
7156,128
7157,32
7158,128
7159,128
7160,64
7161,64
7162,128
7163,128
7164,128
7165,128
7166,64
7167,128
7168,128
7169,32
7170,64
7171,128
7172,128
7173,128
7174,128
7175,32
7176,64
7177,32
7178,128
7179,128
7180,128
7181,256
7182,128
7183,128
7184,16
7185,128
7186,64
7187,64
7188,64
7189,64
7190,128
7191,64
7192,128
7193,128
7194,32
7195,128
7196,64
7197,64
7198,64
7199,128
7200,256
7201,16
7202,64
7203,64
7204,64
7205,32
7206,32
7207,128
7208,128
7209,64
7210,128
7211,128
7212,64
7213,64
7214,128
7215,64
7216,64
7217,128
7218,32
7219,128
7220,128
7221,128
7222,32
7223,128
7224,128
7225,128
7226,64
7227,64
7228,128
7229,64
7230,32
7231,128
7232,128
7233,128
7234,32
7235,64
7236,128
7237,64
7238,64
7239,64
7240,128
7241,32
7242,32
7243,128
7244,64
7245,64
7246,64
7247,128
7248,128
7249,128
7250,16
7251,128
7252,32
7253,256
7254,32
7255,32
7256,128
7257,64
7258,32
7259,64
7260,64
7261,256
7262,128
7263,64
7264,64
7265,256
7266,256
7267,128
7268,64
7269,64
7270,512
7271,64
7272,128
7273,64
7274,16
7275,64
7276,32
7277,64
7278,64
7279,32
7280,32
7281,128
7282,256
7283,128
7284,128
7285,32
7286,64
7287,64
7288,128
7289,32
7290,64
7291,64
7292,32
7293,128
7294,16
7295,32
7296,64
7297,64
7298,32
7299,32
7300,32
7301,128
7302,32
7303,128
7304,128
7305,64
7306,128
7307,64
7308,32
7309,32
7310,64
7311,64
7312,32
7313,128
7314,32
7315,64
7316,128
7317,128
7318,64
7319,32
7320,256
7321,32
7322,128
7323,32
7324,64
7325,16
7326,32
7327,64
7328,128
7329,128
7330,32
7331,128
7332,64
7333,32
7334,64
7335,32
7336,32
7337,64
7338,64
7339,32
7340,128
7341,32
7342,128
7343,512
7344,32
7345,64
7346,64
7347,64
7348,64
7349,32
7350,64
7351,64
7352,64
7353,128
7354,16
7355,512
7356,128
7357,128
7358,64
7359,32
7360,32
7361,64
7362,32
7363,64
7364,32
7365,64
7366,32
7367,128
7368,32
7369,64
7370,256
7371,32
7372,128
7373,64
7374,32
7375,128
7376,256
7377,128
7378,64
7379,64
7380,128
7381,32
7382,32
7383,128
7384,32
7385,64
7386,128
7387,128
7388,32
7389,128
7390,64
7391,64
7392,64
7393,256
7394,256
7395,128
7396,32
7397,64
7398,64
7399,128
7400,64
7401,128
7402,128
7403,256
7404,256
7405,64
7406,128
7407,32
7408,64
7409,64
7410,128
7411,64
7412,64
7413,64
7414,32
7415,32
7416,64
7417,256
7418,512
7419,64
7420,32
7421,64
7422,128
7423,64
7424,32
7425,64
7426,64
7427,64
7428,256
7429,128
7430,128
7431,128
7432,128
7433,256
7434,128
7435,64
7436,32
7437,128
7438,256
7439,16
7440,256
7441,128
7442,128
7443,256
7444,64
7445,32
7446,64
7447,64
7448,64
7449,32
7450,64
7451,128
7452,64
7453,128
7454,64
7455,64
7456,64
7457,128
7458,32
7459,128
7460,128
7461,128
7462,64
7463,64
7464,32
7465,64
7466,128
7467,32
7468,256
7469,256
7470,64
7471,32
7472,128
7473,64
7474,128
7475,32
7476,128
7477,64
7478,128
7479,64
7480,256
7481,64
7482,128
7483,128
7484,32
7485,128
7486,64
7487,64
7488,64
7489,64
7490,64
7491,64
7492,32
7493,128
7494,64
7495,128
7496,16
7497,64
7498,256
7499,128
7500,256
7501,64
7502,256
7503,512
7504,64
7505,128
7506,64
7507,128
7508,128
7509,128
7510,128
7511,32
7512,64
7513,64
7514,256
7515,32
7516,128
7517,64
7518,128
7519,32
7520,128
7521,64
7522,256
7523,32
7524,64
7525,128
7526,64
7527,128
7528,128
7529,64
7530,32
7531,128
7532,64
7533,256
7534,32
7535,128
7536,64
7537,16
7538,64
7539,64
7540,64
7541,64
7542,64
7543,32
7544,64
7545,64
7546,32
7547,128
7548,64
7549,64
7550,128
7551,128
7552,32
7553,128
7554,32
7555,64
7556,128
7557,128
7558,32
7559,32
7560,32
7561,128
7562,32
7563,128
7564,128
7565,128
7566,32
7567,64
7568,128
7569,128
7570,32
7571,128
7572,256
7573,128
7574,16
7575,64
7576,256
7577,128
7578,128
7579,32
7580,16
7581,64
7582,64
7583,64
7584,256
7585,128
7586,64
7587,64
7588,128
7589,16
7590,64
7591,64
7592,256
7593,32
7594,64
7595,32
7596,64
7597,32
7598,64
7599,256
7600,64
7601,256
7602,32
7603,32
7604,128
7605,32
7606,64
7607,32
7608,32
7609,32
7610,128
7611,128
7612,128
7613,64
7614,64
7615,128
7616,64
7617,128
7618,128
7619,64
7620,64
7621,64
7622,64
7623,32
7624,32
7625,128
7626,64
7627,64
7628,32
7629,64
7630,64
7631,64
7632,32
7633,256
7634,64
7635,64
7636,128
7637,256
7638,64
7639,128
7640,64
7641,64
7642,256
7643,64
7644,128
7645,64
7646,64
7647,16
7648,64
7649,128
7650,256
7651,128
7652,32
7653,128
7654,32
7655,128
7656,128
7657,128
7658,128
7659,32
7660,64
7661,128
7662,64
7663,128
7664,64
7665,128
7666,64
7667,256
7668,128
7669,128
7670,64
7671,64
7672,64
7673,32
7674,32
7675,64
7676,16
7677,128
7678,128
7679,128
7680,32
7681,64
7682,64
7683,256
7684,64
7685,64
7686,128
7687,64
7688,64
7689,64
7690,128
7691,128
7692,128
7693,64
7694,128
7695,64
7696,64
7697,32
7698,64
7699,128
7700,128
7701,128
7702,32
7703,32
7704,64
7705,128
7706,64
7707,32
7708,64
7709,64
7710,256
7711,64
7712,64
7713,16
7714,32
7715,32
7716,128
7717,128
7718,32
7719,64
7720,128
7721,128
7722,128
7723,256
7724,32
7725,64
7726,64
7727,64
7728,64
7729,128
7730,32
7731,128
7732,128
7733,64
7734,128
7735,64
7736,64
7737,64
7738,64
7739,64
7740,32
7741,64
7742,128
7743,128
7744,256
7745,64
7746,32
7747,64
7748,32
7749,128
7750,32
7751,32
7752,64
7753,64
7754,64
7755,128
7756,64
7757,64
7758,32
7759,16
7760,64
7761,32
7762,64
7763,64
7764,128
7765,32
7766,32
7767,32
7768,64
7769,128
7770,32
7771,64
7772,64
7773,64
7774,128
7775,64
7776,128
7777,32
7778,128
7779,128
7780,128
7781,32
7782,64
7783,128
7784,32
7785,128
7786,64
7787,256
7788,128
7789,128
7790,16
7791,32
7792,64
7793,64
7794,64
7795,32
7796,64
7797,32
7798,128
7799,64
7800,64
7801,256
7802,256
7803,64
7804,64
7805,32
7806,32
7807,128
7808,32
7809,256
7810,8
7811,64
7812,256
7813,64
7814,128
7815,32
7816,128
7817,32
7818,256
7819,128
7820,32
7821,32
7822,64
7823,128
7824,64
7825,256
7826,128
7827,64
7828,32
7829,16
7830,32
7831,64
7832,256
7833,32
7834,32
7835,64
7836,128
7837,32
7838,64
7839,128
7840,128
7841,128
7842,256
7843,64
7844,256
7845,64
7846,32
7847,128
7848,64
7849,64
7850,128
7851,256
7852,256
7853,64
7854,128
7855,32
7856,32
7857,64
7858,256
7859,32
7860,64
7861,128
7862,256
7863,64
7864,128
7865,32
7866,32
7867,64
7868,128
7869,256
7870,64
7871,256
7872,128
7873,128
7874,128
7875,128
7876,32
7877,512
7878,256
7879,64
7880,32
7881,64
7882,128
7883,128
7884,128
7885,128
7886,64
7887,64
7888,64
7889,64
7890,32
7891,128
7892,128
7893,64
7894,64
7895,128
7896,64
7897,512
7898,128
7899,256
7900,64
7901,64
7902,64
7903,32
7904,128
7905,32
7906,128
7907,64
7908,64
7909,256
7910,64
7911,128
7912,256
7913,32
7914,64
7915,128
7916,128
7917,128
7918,128
7919,128
7920,256
7921,256
7922,64
7923,64
7924,128
7925,64
7926,128
7927,256
7928,64
7929,128
7930,32
7931,256
7932,64
7933,128
7934,32
7935,128
7936,256
7937,64
7938,32
7939,128
7940,256
7941,64
7942,128
7943,64
7944,128
7945,128
7946,64
7947,128
7948,64
7949,64
7950,128
7951,128
7952,128
7953,128
7954,256
7955,128
7956,64
7957,64
7958,128
7959,128
7960,128
7961,128
7962,128
7963,128
7964,128
7965,32
7966,256
7967,16
7968,256
7969,64
7970,256
7971,512
7972,32
7973,128
7974,256
7975,128
7976,256
7977,32
7978,128
7979,16
7980,32
7981,128
7982,64
7983,64
7984,128
7985,128
7986,256
7987,256
7988,32
7989,256
7990,256
7991,64
7992,32
7993,128
7994,16
7995,128
7996,128
7997,32
7998,32
7999,64
8000,64
8001,64
8002,64
8003,64
8004,64
8005,64
8006,64
8007,64
8008,32
8009,64
8010,128
8011,64
8012,64
8013,64
8014,128
8015,128
8016,128
8017,256
8018,512
8019,32
8020,64
8021,64
8022,64
8023,128
8024,128
8025,256
8026,128
8027,32
8028,64
8029,128
8030,256
8031,256
8032,64
8033,32
8034,128
8035,32
8036,32
8037,128
8038,64
8039,128
8040,64
8041,256
8042,64
8043,256
8044,128
8045,32
8046,256
8047,64
8048,32
8049,128
8050,128
8051,64
8052,64
8053,128
8054,256
8055,64
8056,16
8057,64
8058,32
8059,128
8060,128
8061,64
8062,64
8063,128
8064,128
8065,128
8066,64
8067,128
8068,64
8069,128
8070,64
8071,128
8072,128
8073,64
8074,128
8075,32
8076,128
8077,32
8078,64
8079,256
8080,256
8081,256
8082,32
8083,128
8084,64
8085,64
8086,128
8087,64
8088,128
8089,32
8090,64
8091,128
8092,256
8093,64
8094,128
8095,64
8096,128
8097,64
8098,128
8099,128
8100,32
8101,256
8102,256
8103,128
8104,64
8105,64
8106,64
8107,32
8108,128
8109,256
8110,64
8111,256
8112,256
8113,256
8114,128
8115,64
8116,512
8117,256
8118,64
8119,32
8120,256
8121,256
8122,128
8123,128
8124,64
8125,128
8126,32
8127,64
8128,128
8129,128
8130,128
8131,256
8132,64
8133,128
8134,256
8135,128
8136,128
8137,128
8138,32
8139,128
8140,256
8141,64
8142,128
8143,256
8144,256
8145,128
8146,64
8147,32
8148,64
8149,16
8150,64
8151,64
8152,128
8153,64
8154,64
8155,64
8156,128
8157,32
8158,64
8159,256
8160,64
8161,128
8162,32
8163,256
8164,128
8165,128
8166,64
8167,64
8168,128
8169,128
8170,128
8171,256
8172,64
8173,128
8174,256
8175,128
8176,64
8177,256
8178,128
8179,64
8180,64
8181,64
8182,32
8183,128
8184,128
8185,32
8186,128
8187,128
8188,256
8189,64
8190,128
8191,64
8192,128
8193,64
8194,64
8195,64
8196,256
8197,128
8198,64
8199,32
8200,64
8201,128
8202,64
8203,128
8204,128
8205,256
8206,256
8207,64
8208,128
8209,128
8210,64
8211,32
8212,256
8213,128
8214,256
8215,16
8216,128
8217,256
8218,64
8219,32
8220,128
8221,32
8222,128
8223,128
8224,128
8225,16
8226,32
8227,32
8228,128
8229,64
8230,128
8231,256
8232,32
8233,32
8234,128
8235,64
8236,128
8237,64
8238,64
8239,256
8240,64
8241,256
8242,64
8243,128
8244,32
8245,32
8246,128
8247,64
8248,32
8249,32
8250,256
8251,128
8252,32
8253,64
8254,128
8255,32
8256,64
8257,128
8258,32
8259,128
8260,32
8261,128
8262,128
8263,256
8264,512
8265,32
8266,64
8267,256
8268,128
8269,64
8270,64
8271,128
8272,128
8273,256
8274,256
8275,64
8276,128
8277,128
8278,64
8279,64
8280,32
8281,128
8282,128
8283,128
8284,64
8285,128
8286,128
8287,64
8288,256
8289,64
8290,128
8291,32
8292,128
8293,64
8294,64
8295,128
8296,128
8297,128
8298,64
8299,64
8300,256
8301,64
8302,64
8303,256
8304,64
8305,64
8306,128
8307,64
8308,32
8309,128
8310,64
8311,256
8312,128
8313,64
8314,256
8315,128
8316,256
8317,256
8318,512
8319,32
8320,32
8321,256
8322,128
8323,128
8324,64
8325,128
8326,16
8327,128
8328,64
8329,64
8330,32
8331,64
8332,64
8333,128
8334,64
8335,32
8336,128
8337,256
8338,256
8339,32
8340,128
8341,128
8342,64
8343,64
8344,128
8345,128
8346,128
8347,64
8348,32
8349,64
8350,16
8351,128
8352,64
8353,128
8354,128
8355,64
8356,256
8357,32
8358,128
8359,256
8360,64
8361,128
8362,64
8363,16
8364,64
8365,128
8366,64
8367,32
8368,128
8369,64
8370,128
8371,128
8372,128
8373,32
8374,128
8375,128
8376,256
8377,64
8378,128
8379,128
8380,32
8381,32
8382,64
8383,64
8384,128
8385,128
8386,32
8387,256
8388,64
8389,64
8390,64
8391,64
8392,64
8393,256
8394,256
8395,64
8396,64
8397,64
8398,128
8399,128
8400,32
8401,32
8402,128
8403,256
8404,64
8405,32
8406,32
8407,32
8408,256
8409,128
8410,64
8411,128
8412,64
8413,128
8414,64
8415,128
8416,128
8417,32
8418,128
8419,128
8420,64
8421,128
8422,64
8423,64
8424,128
8425,128
8426,16
8427,64
8428,64
8429,64
8430,128
8431,128
8432,64
8433,64
8434,16
8435,32
8436,128
8437,128
8438,32
8439,128
8440,64
8441,256
8442,128
8443,256
8444,256
8445,32
8446,64
8447,64
8448,128
8449,128
8450,128
8451,128
8452,128
8453,64
8454,128
8455,256
8456,64
8457,64
8458,128
8459,64
8460,128
8461,128
8462,128
8463,64
8464,256
8465,128
8466,512
8467,128
8468,128
8469,64
8470,64
8471,128
8472,64
8473,64
8474,64
8475,128
8476,128
8477,32
8478,64
8479,64
8480,64
8481,32
8482,32
8483,64
8484,256
8485,64
8486,64
8487,128
8488,128
8489,64
8490,128
8491,32
8492,256
8493,128
8494,32
8495,128
8496,128
8497,128
8498,64
8499,64
8500,128
8501,128
8502,128
8503,64
8504,16
8505,128
8506,256
8507,128
8508,64
8509,32
8510,64
8511,64
8512,256
8513,32
8514,128
8515,16
8516,128
8517,64
8518,64
8519,32
8520,32
8521,64
8522,64
8523,128
8524,128
8525,64
8526,128
8527,128
8528,64
8529,128
8530,128
8531,64
8532,32
8533,128
8534,128
8535,64
8536,64
8537,128
8538,256
8539,64
8540,128
8541,32
8542,128
8543,32
8544,32
8545,64
8546,128
8547,128
8548,128
8549,64
8550,64
8551,128
8552,64
8553,128
8554,512
8555,128
8556,64
8557,64
8558,64
8559,32
8560,64
8561,64
8562,256
8563,64
8564,128
8565,128
8566,128
8567,32
8568,64
8569,256
8570,256
8571,128
8572,32
8573,32
8574,64
8575,64
8576,32
8577,512
8578,64
8579,64
8580,128
8581,32
8582,32
8583,128
8584,256
8585,16
8586,128
8587,64
8588,128
8589,32
8590,256
8591,32
8592,128
8593,128
8594,64
8595,64
8596,64
8597,64
8598,64
8599,128
8600,128
8601,128
8602,64
8603,128
8604,128
8605,128
8606,256
8607,128
8608,64
8609,128
8610,256
8611,64
8612,64
8613,64
8614,128
8615,32
8616,64
8617,128
8618,128
8619,128
8620,64
8621,256
8622,128
8623,64
8624,128
8625,64
8626,64
8627,128
8628,64
8629,128
8630,64
8631,128
8632,64
8633,64
8634,128
8635,64
8636,128
8637,64
8638,128
8639,128
8640,64
8641,64
8642,128
8643,32
8644,128
8645,128
8646,16
8647,256
8648,64
8649,64
8650,64
8651,32
8652,64
8653,128
8654,256
8655,256
8656,32
8657,32
8658,64
8659,256
8660,256
8661,128
8662,256
8663,128
8664,32
8665,128
8666,128
8667,256
8668,64
8669,256
8670,128
8671,128
8672,16
8673,64
8674,64
8675,64
8676,32
8677,32
8678,64
8679,128
8680,128
8681,256
8682,64
8683,128
8684,256
8685,64
8686,128
8687,64
8688,32
8689,128
8690,256
8691,32
8692,256
8693,64
8694,128
8695,256
8696,128
8697,256
8698,128
8699,128
8700,32
8701,128
8702,32
8703,128
8704,32
8705,128
8706,128
8707,128
8708,64
8709,128
8710,64
8711,32
8712,128
8713,32
8714,128
8715,128
8716,128
8717,32
8718,16
8719,128
8720,128
8721,64
8722,32
8723,64
8724,512
8725,128
8726,32
8727,64
8728,64
8729,256
8730,32
8731,32
8732,32
8733,64
8734,256
8735,128
8736,256
8737,128
8738,32
8739,128
8740,64
8741,128
8742,128
8743,128
8744,512
8745,128
8746,64
8747,128
8748,64
8749,128
8750,64
8751,128
8752,32
8753,256
8754,64
8755,32
8756,256
8757,64
8758,32
8759,128
8760,512
8761,128
8762,128
8763,64
8764,32
8765,64
8766,256
8767,512
8768,64
8769,128
8770,128
8771,128
8772,32
8773,32
8774,128
8775,64
8776,128
8777,64
8778,64
8779,256
8780,64
8781,64
8782,64
8783,32
8784,128
8785,128
8786,256
8787,32
8788,32
8789,64
8790,128
8791,128
8792,128
8793,128
8794,64
8795,128
8796,64
8797,128
8798,64
8799,128
8800,64
8801,64
8802,128
8803,64
8804,128
8805,128
8806,16
8807,128
8808,128
8809,128
8810,128
8811,256
8812,128
8813,64
8814,128
8815,64
8816,32
8817,256
8818,128
8819,128
8820,128
8821,512
8822,64
8823,128
8824,64
8825,64
8826,256
8827,512
8828,128
8829,64
8830,128
8831,32
8832,128
8833,32
8834,128
8835,32
8836,64
8837,32
8838,128
8839,64
8840,64
8841,256
8842,64
8843,256
8844,64
8845,32
8846,128
8847,128
8848,32
8849,128
8850,128
8851,256
8852,64
8853,256
8854,128
8855,64
8856,64
8857,128
8858,256
8859,256
8860,64
8861,64
8862,128
8863,64
8864,128
8865,128
8866,256
8867,128
8868,64
8869,128
8870,64
8871,128
8872,128
8873,256
8874,128
8875,128
8876,256
8877,64
8878,64
8879,64
8880,64
8881,128
8882,128
8883,32
8884,64
8885,256
8886,256
8887,256
8888,64
8889,64
8890,64
8891,128
8892,64
8893,64
8894,256
8895,32
8896,32
8897,32
8898,64
8899,256
8900,128
8901,128
8902,64
8903,128
8904,64
8905,64
8906,64
8907,64
8908,64
8909,256
8910,128
8911,256
8912,32
8913,32
8914,16
8915,128
8916,64
8917,64
8918,128
8919,64
8920,64
8921,64
8922,32
8923,256
8924,16
8925,128
8926,128
8927,16
8928,128
8929,128
8930,256
8931,64
8932,32
8933,64
8934,128
8935,256
8936,128
8937,128
8938,256
8939,64
8940,256
8941,16
8942,64
8943,32
8944,64
8945,256
8946,128
8947,128
8948,512
8949,32
8950,128
8951,32
8952,64
8953,128
8954,64
8955,64
8956,128
8957,128
8958,32
8959,256
8960,128
8961,128
8962,128
8963,128
8964,64
8965,128
8966,32
8967,128
8968,64
8969,128
8970,32
8971,16
8972,128
8973,256
8974,32
8975,32
8976,128
8977,16
8978,32
8979,256
8980,64
8981,256
8982,64
8983,64
8984,128
8985,256
8986,128
8987,256
8988,32
8989,128
8990,32
8991,64
8992,64
8993,128
8994,32
8995,16
8996,32
8997,128
8998,64
8999,256
9000,64
9001,64
9002,32
9003,64
9004,128
9005,64
9006,64
9007,128
9008,128
9009,64
9010,32
9011,32
9012,128
9013,64
9014,32
9015,256
9016,64
9017,64
9018,64
9019,64
9020,64
9021,64
9022,128
9023,32
9024,32
9025,128
9026,128
9027,64
9028,64
9029,128
9030,128
9031,64
9032,256
9033,128
9034,16
9035,32
9036,64
9037,64
9038,64
9039,64
9040,32
9041,128
9042,64
9043,128
9044,128
9045,256
9046,64
9047,128
9048,32
9049,64
9050,64
9051,128
9052,32
9053,32
9054,256
9055,8
9056,16
9057,128
9058,32
9059,128
9060,64
9061,128
9062,32
9063,32
9064,128
9065,16
9066,64
9067,256
9068,64
9069,64
9070,64
9071,32
9072,32
9073,32
9074,64
9075,128
9076,64
9077,128
9078,32
9079,32
9080,32
9081,256
9082,64
9083,32
9084,32
9085,128
9086,64
9087,64
9088,32
9089,64
9090,128
9091,128
9092,128
9093,128
9094,64
9095,128
9096,256
9097,64
9098,64
9099,64
9100,64
9101,128
9102,64
9103,128
9104,64
9105,64
9106,32
9107,64
9108,128
9109,16
9110,64
9111,64
9112,64
9113,512
9114,64
9115,128
9116,32
9117,128
9118,64
9119,16
9120,64
9121,64
9122,32
9123,64
9124,32
9125,32
9126,64
9127,64
9128,64
9129,256
9130,64
9131,256
9132,64
9133,64
9134,128
9135,128
9136,16
9137,32
9138,128
9139,64
9140,128
9141,128
9142,64
9143,64
9144,32
9145,16
9146,16
9147,128
9148,32
9149,128
9150,32
9151,64
9152,64
9153,64
9154,32
9155,128
9156,256
9157,64
9158,64
9159,64
9160,64
9161,128
9162,256
9163,32
9164,32
9165,256
9166,64
9167,64
9168,32
9169,128
9170,64
9171,32
9172,64
9173,64
9174,128
9175,64
9176,128
9177,64
9178,64
9179,128
9180,64
9181,32
9182,64
9183,32
9184,64
9185,64
9186,64
9187,64
9188,32
9189,32
9190,128
9191,16
9192,128
9193,64
9194,64
9195,16
9196,128
9197,64
9198,128
9199,16
9200,64
9201,64
9202,64
9203,64
9204,128
9205,64
9206,128
9207,64
9208,64
9209,128
9210,64
9211,128
9212,64
9213,32
9214,32
9215,32
9216,128
9217,64
9218,64
9219,128
9220,32
9221,128
9222,64
9223,64
9224,64
9225,32
9226,128
9227,128
9228,32
9229,64
9230,128
9231,16
9232,64
9233,32
9234,128
9235,128
9236,64
9237,64
9238,64
9239,256
9240,64
9241,256
9242,32
9243,32
9244,256
9245,64
9246,128
9247,128
9248,64
9249,64
9250,256
9251,32
9252,64
9253,128
9254,64
9255,256
9256,64
9257,256
9258,32
9259,128
9260,32
9261,128
9262,32
9263,64
9264,64
9265,32
9266,128
9267,128
9268,32
9269,128
9270,64
9271,64
9272,64
9273,64
9274,128
9275,64
9276,64
9277,64
9278,32
9279,32
9280,128
9281,64
9282,32
9283,64
9284,64
9285,64
9286,64
9287,128
9288,32
9289,32
9290,64
9291,32
9292,32
9293,128
9294,128
9295,64
9296,32
9297,64
9298,128
9299,64
9300,32
9301,32
9302,128
9303,256
9304,64
9305,32
9306,32
9307,64
9308,128
9309,32
9310,64
9311,64
9312,64
9313,256
9314,64
9315,128
9316,256
9317,64
9318,128
9319,64
9320,64
9321,128
9322,64
9323,128
9324,64
9325,64
9326,32
9327,128
9328,128
9329,64
9330,128
9331,512
9332,128
9333,64
9334,64
9335,32
9336,64
9337,128
9338,32
9339,64
9340,64
9341,128
9342,32
9343,128
9344,128
9345,32
9346,64
9347,64
9348,32
9349,256
9350,128
9351,64
9352,64
9353,128
9354,128
9355,64
9356,256
9357,32
9358,256
9359,64
9360,32
9361,64
9362,64
9363,64
9364,128
9365,128
9366,32
9367,256
9368,128
9369,128
9370,64
9371,64
9372,128
9373,128
9374,128
9375,32
9376,32
9377,64
9378,64
9379,128
9380,64
9381,128
9382,32
9383,16
9384,32
9385,64
9386,64
9387,32
9388,128
9389,64
9390,128
9391,128
9392,256
9393,32
9394,64
9395,128
9396,128
9397,128
9398,256
9399,64
9400,32
9401,128
9402,128
9403,128
9404,256
9405,32
9406,32
9407,32
9408,64
9409,128
9410,32
9411,64
9412,256
9413,128
9414,128
9415,32
9416,64
9417,128
9418,128
9419,128
9420,128
9421,64
9422,128
9423,64
9424,128
9425,64
9426,32
9427,128
9428,128
9429,128
9430,64
9431,64
9432,64
9433,64
9434,64
9435,32
9436,32
9437,128
9438,256
9439,256
9440,64
9441,128
9442,128
9443,64
9444,64
9445,128
9446,128
9447,128
9448,32
9449,64
9450,128
9451,128
9452,64
9453,64
9454,128
9455,64
9456,16
9457,64
9458,128
9459,32
9460,64
9461,128
9462,128
9463,128
9464,16
9465,32
9466,128
9467,64
9468,128
9469,128
9470,256
9471,128
9472,32
9473,64
9474,128
9475,64
9476,64
9477,128
9478,64
9479,64
9480,64
9481,64
9482,256
9483,256
9484,64
9485,64
9486,256
9487,32
9488,256
9489,128
9490,256
9491,64
9492,64
9493,128
9494,32
9495,128
9496,64
9497,32
9498,256
9499,128
9500,128
9501,32
9502,64
9503,32
9504,128
9505,64
9506,256
9507,128
9508,64
9509,256
9510,64
9511,64
9512,128
9513,128
9514,64
9515,128
9516,64
9517,128
9518,64
9519,128
9520,64
9521,16
9522,64
9523,128
9524,32
9525,64
9526,16
9527,128
9528,32
9529,64
9530,64
9531,64
9532,16
9533,64
9534,128
9535,16
9536,16
9537,64
9538,32
9539,16
9540,32
9541,128
9542,128
9543,128
9544,128
9545,128
9546,32
9547,64
9548,256
9549,32
9550,64
9551,128
9552,64
9553,64
9554,16
9555,128
9556,128
9557,128
9558,256
9559,32
9560,256
9561,128
9562,128
9563,128
9564,32
9565,64
9566,512
9567,256
9568,32
9569,256
9570,128
9571,128
9572,32
9573,64
9574,128
9575,64
9576,64
9577,64
9578,64
9579,64
9580,64
9581,128
9582,32
9583,32
9584,64
9585,128
9586,256
9587,16
9588,128
9589,128
9590,128
9591,128
9592,128
9593,256
9594,256
9595,128
9596,64
9597,64
9598,64
9599,64
9600,32
9601,64
9602,32
9603,64
9604,64
9605,64
9606,256
9607,256
9608,64
9609,256
9610,64
9611,32
9612,64
9613,128
9614,128
9615,128
9616,128
9617,32
9618,64
9619,32
9620,32
9621,32
9622,256
9623,128
9624,128
9625,128
9626,128
9627,64
9628,128
9629,64
9630,64
9631,64
9632,32
9633,128
9634,32
9635,64
9636,64
9637,32
9638,256
9639,32
9640,128
9641,256
9642,64
9643,64
9644,64
9645,64
9646,32
9647,64
9648,128
9649,32
9650,64
9651,64
9652,128
9653,64
9654,64
9655,128
9656,32
9657,64
9658,64
9659,128
9660,128
9661,256
9662,64
9663,32
9664,128
9665,256
9666,64
9667,32
9668,64
9669,256
9670,64
9671,64
9672,32
9673,64
9674,128
9675,128
9676,64
9677,256
9678,64
9679,128
9680,32
9681,64
9682,64
9683,64
9684,64
9685,64
9686,64
9687,128
9688,64
9689,32
9690,64
9691,128
9692,64
9693,256
9694,256
9695,128
9696,64
9697,128
9698,64
9699,32
9700,128
9701,64
9702,64
9703,64
9704,256
9705,256
9706,64
9707,128
9708,64
9709,32
9710,128
9711,64
9712,128
9713,64
9714,32
9715,16
9716,128
9717,128
9718,32
9719,64
9720,32
9721,64
9722,128
9723,128
9724,128
9725,128
9726,128
9727,32
9728,128
9729,128
9730,64
9731,256
9732,64
9733,128
9734,64
9735,64
9736,16
9737,128
9738,64
9739,128
9740,32
9741,128
9742,64
9743,128
9744,64
9745,128
9746,64
9747,64
9748,32
9749,64
9750,64
9751,64
9752,32
9753,128
9754,128
9755,128
9756,128
9757,256
9758,128
9759,16
9760,256
9761,32
9762,32
9763,128
9764,64
9765,32
9766,64
9767,64
9768,256
9769,32
9770,128
9771,64
9772,64
9773,128
9774,128
9775,128
9776,128
9777,256
9778,128
9779,128
9780,128
9781,128
9782,64
9783,256
9784,128
9785,64
9786,128
9787,32
9788,64
9789,128
9790,128
9791,32
9792,64
9793,64
9794,256
9795,256
9796,64
9797,128
9798,128
9799,256
9800,128
9801,128
9802,64
9803,128
9804,64
9805,128
9806,64
9807,256
9808,128
9809,128
9810,128
9811,128
9812,512
9813,32
9814,64
9815,64
9816,32
9817,128
9818,256
9819,128
9820,128
9821,128
9822,256
9823,32
9824,64
9825,16
9826,64
9827,64
9828,64
9829,256
9830,256
9831,128
9832,256
9833,128
9834,64
9835,128
9836,256
9837,32
9838,256
9839,512
9840,128
9841,32
9842,128
9843,128
9844,64
9845,128
9846,128
9847,128
9848,64
9849,256
9850,256
9851,128
9852,256
9853,256
9854,64
9855,128
9856,256
9857,64
9858,64
9859,128
9860,16
9861,256
9862,128
9863,64
9864,128
9865,128
9866,128
9867,256
9868,128
9869,64
9870,128
9871,64
9872,32
9873,32
9874,128
9875,32
9876,256
9877,64
9878,128
9879,64
9880,128
9881,64
9882,32
9883,64
9884,64
9885,256
9886,128
9887,256
9888,64
9889,128
9890,128
9891,256
9892,64
9893,32
9894,64
9895,256
9896,128
9897,512
9898,32
9899,256
9900,128
9901,64
9902,128
9903,128
9904,128
9905,128
9906,128
9907,256
9908,32
9909,64
9910,128
9911,128
9912,256
9913,64
9914,32
9915,256
9916,128
9917,128
9918,128
9919,64
9920,64
9921,256
9922,64
9923,128
9924,128
9925,16
9926,256
9927,64
9928,256
9929,128
9930,32
9931,32
9932,128
9933,32
9934,64
9935,128
9936,64
9937,32
9938,128
9939,64
9940,32
9941,32
9942,32
9943,128
9944,32
9945,32
9946,32
9947,128
9948,128
9949,128
9950,128
9951,64
9952,32
9953,128
9954,64
9955,64
9956,64
9957,64
9958,64
9959,32
9960,64
9961,256
9962,64
9963,256
9964,64
9965,64
9966,64
9967,64
9968,128
9969,64
9970,128
9971,128
9972,256
9973,128
9974,32
9975,128
9976,64
9977,128
9978,64
9979,64
9980,256
9981,64
9982,64
9983,64
9984,64
9985,128
9986,64
9987,64
9988,128
9989,128
9990,64
9991,128
9992,128
9993,128
9994,64
9995,64
9996,64
9997,128
9998,128
9999,64
